,team_id,player_id,loc_x,loc_y,ball_z,shot_clock
0,-1.0,-1.0,47.25031,26.14806,6.76567,24.0
1,1610612737.0,2594.0,45.70423,15.5787,0.0,24.0
2,1610612737.0,200794.0,56.87016,22.95879,0.0,24.0
3,1610612737.0,201143.0,47.26914,24.47616,0.0,24.0
4,1610612737.0,201952.0,28.26728,23.734,0.0,24.0
5,1610612737.0,203145.0,40.59368,31.74141,0.0,24.0
6,1610612765.0,101141.0,56.27694,25.5146,0.0,24.0
7,1610612765.0,202704.0,73.64107,25.48774,0.0,24.0
8,1610612765.0,202694.0,48.64923,35.26915,0.0,24.0
9,1610612765.0,203484.0,48.46352,14.55436,0.0,24.0
10,1610612765.0,203083.0,47.51449,24.36448,0.0,24.0
11,-1.0,-1.0,47.16223,26.23652,6.86375,24.0
12,1610612737.0,2594.0,45.69864,15.59827,0.0,24.0
13,1610612737.0,200794.0,56.85699,22.94288,0.0,24.0
14,1610612737.0,201143.0,47.380160000000004,24.3566,0.0,24.0
15,1610612737.0,201952.0,28.35063,23.71423,0.0,24.0
16,1610612737.0,203145.0,40.57886,31.73191,0.0,24.0
17,1610612765.0,101141.0,56.264,25.52289,0.0,24.0
18,1610612765.0,202704.0,73.64283,25.48583,0.0,24.0
19,1610612765.0,202694.0,48.63994,35.28079,0.0,24.0
20,1610612765.0,203484.0,48.46453,14.54789,0.0,24.0
21,1610612765.0,203083.0,47.48025,24.3337,0.0,24.0
22,-1.0,-1.0,47.16051,26.18061,6.79804,24.0
23,1610612737.0,2594.0,45.69454,15.61503,0.0,24.0
24,1610612737.0,200794.0,56.88806,22.94275,0.0,24.0
25,1610612737.0,201143.0,47.44308,24.29835,0.0,24.0
26,1610612737.0,201952.0,28.43244,23.6925,0.0,24.0
27,1610612737.0,203145.0,40.56605,31.72561,0.0,24.0
28,1610612765.0,101141.0,56.30188,25.52964,0.0,24.0
29,1610612765.0,202704.0,73.64151,25.48083,0.0,24.0
30,1610612765.0,202694.0,48.62628,35.29283,0.0,24.0
31,1610612765.0,203484.0,48.46574,14.54386,0.0,24.0
32,1610612765.0,203083.0,47.44308,24.29835,0.0,24.0
33,-1.0,-1.0,47.12323,26.14186,6.84851,24.0
34,1610612737.0,2594.0,45.69229,15.63347,0.0,24.0
35,1610612737.0,200794.0,56.93498,22.94299,0.0,24.0
36,1610612737.0,201143.0,47.4445,24.29213,0.0,24.0
37,1610612737.0,201952.0,28.50975,23.66888,0.0,24.0
38,1610612737.0,203145.0,40.55437,31.71967,0.0,24.0
39,1610612765.0,101141.0,56.33134,25.53673,0.0,24.0
40,1610612765.0,202704.0,73.64045,25.47455,0.0,24.0
41,1610612765.0,202694.0,48.61356,35.29584,0.0,24.0
42,1610612765.0,203484.0,48.46702,14.54001,0.0,24.0
43,1610612765.0,203083.0,47.4445,24.29213,0.0,24.0
44,-1.0,-1.0,47.19169,26.17897,6.77785,24.0
45,1610612737.0,2594.0,45.69207,15.64891,0.0,24.0
46,1610612737.0,200794.0,56.921,22.95144,0.0,24.0
47,1610612737.0,201143.0,47.41923,24.26615,0.0,24.0
48,1610612737.0,201952.0,28.58962,23.6473,0.0,24.0
49,1610612737.0,203145.0,40.5431,31.71487,0.0,24.0
50,1610612765.0,101141.0,56.32635,25.51965,0.0,24.0
51,1610612765.0,202704.0,73.64062,25.4701,0.0,24.0
52,1610612765.0,202694.0,48.59735,35.29723,0.0,24.0
53,1610612765.0,203484.0,48.46976,14.53138,0.0,24.0
54,1610612765.0,203083.0,47.41923,24.26615,0.0,24.0
55,-1.0,-1.0,47.19169,26.17897,6.77785,24.0
56,1610612737.0,2594.0,45.69199,15.66236,0.0,24.0
57,1610612737.0,200794.0,56.90869,22.93791,0.0,24.0
58,1610612737.0,201143.0,47.41252,24.24539,0.0,24.0
59,1610612737.0,201952.0,28.6677,23.62981,0.0,24.0
60,1610612737.0,203145.0,40.53508,31.71154,0.0,24.0
61,1610612765.0,101141.0,56.31351,25.54035,0.0,24.0
62,1610612765.0,202704.0,73.64053,25.46166,0.0,24.0
63,1610612765.0,202694.0,48.58191,35.30298,0.0,24.0
64,1610612765.0,203484.0,48.47172,14.52706,0.0,24.0
65,1610612765.0,203083.0,47.41252,24.24539,0.0,24.0
66,-1.0,-1.0,47.18297,26.21647,6.71194,24.0
67,1610612737.0,2594.0,45.69558,15.67616,0.0,24.0
68,1610612737.0,200794.0,56.90575,22.93942,0.0,24.0
69,1610612737.0,201143.0,47.41832,24.25293,0.0,24.0
70,1610612737.0,201952.0,28.74558,23.61185,0.0,24.0
71,1610612737.0,203145.0,40.52903,31.70822,0.0,24.0
72,1610612765.0,101141.0,56.32116,25.54542,0.0,24.0
73,1610612765.0,202704.0,73.64312,25.45697,0.0,24.0
74,1610612765.0,202694.0,48.56702,35.30864,0.0,24.0
75,1610612765.0,203484.0,48.47587,14.52186,0.0,24.0
76,1610612765.0,203083.0,47.41832,24.25293,0.0,24.0
77,-1.0,-1.0,47.18991,26.1844,6.70549,24.0
78,1610612737.0,2594.0,45.7001,15.68734,0.0,24.0
79,1610612737.0,200794.0,56.90458,22.939140000000002,0.0,24.0
80,1610612737.0,201143.0,47.38687,24.24348,0.0,24.0
81,1610612737.0,201952.0,28.82026,23.58767,0.0,24.0
82,1610612737.0,203145.0,40.52499,31.70466,0.0,24.0
83,1610612765.0,101141.0,56.32903,25.54612,0.0,24.0
84,1610612765.0,202704.0,73.64788,25.45367,0.0,24.0
85,1610612765.0,202694.0,48.55407,35.31268,0.0,24.0
86,1610612765.0,203484.0,48.47719,14.51957,0.0,24.0
87,1610612765.0,203083.0,47.38687,24.24348,0.0,24.0
88,-1.0,-1.0,47.24108,26.29203,6.9246300000000005,24.0
89,1610612737.0,2594.0,45.70569,15.69936,0.0,24.0
90,1610612737.0,200794.0,56.92041,22.95959,0.0,24.0
91,1610612737.0,201143.0,47.38229,24.25949,0.0,24.0
92,1610612737.0,201952.0,28.89483,23.56584,0.0,24.0
93,1610612737.0,203145.0,40.5219,31.70028,0.0,24.0
94,1610612765.0,101141.0,56.35281,25.53309,0.0,24.0
95,1610612765.0,202704.0,73.65378,25.45089,0.0,24.0
96,1610612765.0,202694.0,48.54168,35.31562,0.0,24.0
97,1610612765.0,203484.0,48.47974,14.51564,0.0,24.0
98,1610612765.0,203083.0,47.38229,24.25949,0.0,24.0
99,-1.0,-1.0,47.21699,26.25697,7.358,24.0
100,1610612737.0,2594.0,45.71071,15.70952,0.0,24.0
101,1610612737.0,200794.0,56.92019,22.97003,0.0,24.0
102,1610612737.0,201143.0,47.39271,24.24378,0.0,24.0
103,1610612737.0,201952.0,28.97162,23.54138,0.0,24.0
104,1610612737.0,203145.0,40.52351,31.69747,0.0,24.0
105,1610612765.0,101141.0,56.35861,25.54322,0.0,24.0
106,1610612765.0,202704.0,73.65806,25.44611,0.0,24.0
107,1610612765.0,202694.0,48.53179,35.316,0.0,24.0
108,1610612765.0,203484.0,48.48332,14.51258,0.0,24.0
109,1610612765.0,203083.0,47.39271,24.24378,0.0,24.0
110,-1.0,-1.0,47.1398,26.20592,7.9031400000000005,24.0
111,1610612737.0,2594.0,45.71693,15.71976,0.0,24.0
112,1610612737.0,200794.0,56.91002,22.99186,0.0,24.0
113,1610612737.0,201143.0,47.4004,24.25627,0.0,24.0
114,1610612737.0,201952.0,29.04625,23.52341,0.0,24.0
115,1610612737.0,203145.0,40.52672,31.69455,0.0,24.0
116,1610612765.0,101141.0,56.35804,25.53366,0.0,24.0
117,1610612765.0,202704.0,73.66475,25.44669,0.0,24.0
118,1610612765.0,202694.0,48.52854,35.31088,0.0,24.0
119,1610612765.0,203484.0,48.48687,14.50779,0.0,24.0
120,1610612765.0,203083.0,47.4004,24.25627,0.0,24.0
121,-1.0,-1.0,47.26647,26.22279,8.47128,24.0
122,1610612737.0,2594.0,45.72534,15.72572,0.0,24.0
123,1610612737.0,200794.0,56.93823,23.0159,0.0,24.0
124,1610612737.0,201143.0,47.42009,24.28242,0.0,24.0
125,1610612737.0,201952.0,29.125,23.51132,0.0,24.0
126,1610612737.0,203145.0,40.53301,31.69375,0.0,24.0
127,1610612765.0,101141.0,56.38816,25.52626,0.0,24.0
128,1610612765.0,202704.0,73.66565,25.45145,0.0,24.0
129,1610612765.0,202694.0,48.53029,35.30829,0.0,24.0
130,1610612765.0,203484.0,48.49279,14.5051,0.0,24.0
131,1610612765.0,203083.0,47.42009,24.28242,0.0,24.0
132,-1.0,-1.0,47.26005,26.11308,9.02512,24.0
133,1610612737.0,2594.0,45.73457,15.7308,0.0,24.0
134,1610612737.0,200794.0,56.97294,23.0608,0.0,24.0
135,1610612737.0,201143.0,47.39774,24.29479,0.0,24.0
136,1610612737.0,201952.0,29.19897,23.50058,0.0,24.0
137,1610612737.0,203145.0,40.54209,31.69175,0.0,24.0
138,1610612765.0,101141.0,56.41567,25.53419,0.0,24.0
139,1610612765.0,202704.0,73.66896,25.45389,0.0,24.0
140,1610612765.0,202694.0,48.54043,35.30824,0.0,24.0
141,1610612765.0,203484.0,48.49733,14.50585,0.0,24.0
142,1610612765.0,203083.0,47.39774,24.29479,0.0,24.0
143,-1.0,-1.0,47.19346,26.02972,9.37988,24.0
144,1610612737.0,2594.0,45.74478,15.73294,0.0,24.0
145,1610612737.0,200794.0,56.9938,23.11265,0.0,24.0
146,1610612737.0,201143.0,47.40673,24.33337,0.0,24.0
147,1610612737.0,201952.0,29.27654,23.49253,0.0,24.0
148,1610612737.0,203145.0,40.55292,31.68903,0.0,24.0
149,1610612765.0,101141.0,56.42373,25.53506,0.0,24.0
150,1610612765.0,202704.0,73.67262,25.45531,0.0,24.0
151,1610612765.0,202694.0,48.55909,35.30954,0.0,24.0
152,1610612765.0,203484.0,48.50012,14.50359,0.0,24.0
153,1610612765.0,203083.0,47.40673,24.33337,0.0,24.0
154,-1.0,-1.0,47.23507,26.07844,9.78482,24.0
155,1610612737.0,2594.0,45.75508,15.73348,0.0,24.0
156,1610612737.0,200794.0,57.01779,23.16575,0.0,24.0
157,1610612737.0,201143.0,47.41098,24.3599,0.0,24.0
158,1610612737.0,201952.0,29.34714,23.48481,0.0,24.0
159,1610612737.0,203145.0,40.5648,31.68892,0.0,24.0
160,1610612765.0,101141.0,56.43121,25.53542,0.0,24.0
161,1610612765.0,202704.0,73.67834,25.45712,0.0,24.0
162,1610612765.0,202694.0,48.57792,35.31128,0.0,24.0
163,1610612765.0,203484.0,48.50334,14.50277,0.0,24.0
164,1610612765.0,203083.0,47.41098,24.3599,0.0,24.0
165,-1.0,-1.0,47.21505,25.94083,10.04386,24.0
166,1610612737.0,2594.0,45.76542,15.73488,0.0,24.0
167,1610612737.0,200794.0,57.09466,23.25719,0.0,24.0
168,1610612737.0,201143.0,47.40171,24.40371,0.0,24.0
169,1610612737.0,201952.0,29.42324,23.49012,0.0,24.0
170,1610612737.0,203145.0,40.57763,31.68595,0.0,24.0
171,1610612765.0,101141.0,56.46438,25.54161,0.0,24.0
172,1610612765.0,202704.0,73.67364,25.46057,0.0,24.0
173,1610612765.0,202694.0,48.61132,35.31205,0.0,24.0
174,1610612765.0,203484.0,48.51081,14.50024,0.0,24.0
175,1610612765.0,203083.0,47.40171,24.40371,0.0,24.0
176,-1.0,-1.0,47.21661,25.91037,10.35819,24.0
177,1610612737.0,2594.0,45.77744,15.7334,0.0,24.0
178,1610612737.0,200794.0,57.13373,23.34985,0.0,24.0
179,1610612737.0,201143.0,47.39733,24.44112,0.0,24.0
180,1610612737.0,201952.0,29.49338,23.49057,0.0,24.0
181,1610612737.0,203145.0,40.5925,31.685200000000002,0.0,24.0
182,1610612765.0,101141.0,56.46679,25.54243,0.0,24.0
183,1610612765.0,202704.0,73.66575,25.464010000000002,0.0,24.0
184,1610612765.0,202694.0,48.65455,35.31851,0.0,24.0
185,1610612765.0,203484.0,48.51919,14.49656,0.0,24.0
186,1610612765.0,203083.0,47.39733,24.44112,0.0,24.0
187,-1.0,-1.0,47.24549,25.8877,10.52248,24.0
188,1610612737.0,2594.0,45.78871,15.7325,0.0,24.0
189,1610612737.0,200794.0,57.22164,23.48341,0.0,24.0
190,1610612737.0,201143.0,47.3571,24.47906,0.0,24.0
191,1610612737.0,201952.0,29.56609,23.489910000000002,0.0,24.0
192,1610612737.0,203145.0,40.60683,31.68297,0.0,24.0
193,1610612765.0,101141.0,56.4527,25.49547,0.0,24.0
194,1610612765.0,202704.0,73.65609,25.46591,0.0,24.0
195,1610612765.0,202694.0,48.70232,35.32556,0.0,24.0
196,1610612765.0,203484.0,48.52877,14.49162,0.0,24.0
197,1610612765.0,203083.0,47.3571,24.47906,0.0,24.0
198,-1.0,-1.0,47.18052,25.86781,10.68854,24.0
199,1610612737.0,2594.0,45.80003,15.72958,0.0,24.0
200,1610612737.0,200794.0,57.31539,23.69773,0.0,24.0
201,1610612737.0,201143.0,47.35006,24.52459,0.0,24.0
202,1610612737.0,201952.0,29.63551,23.48978,0.0,24.0
203,1610612737.0,203145.0,40.61994,31.67857,0.0,24.0
204,1610612765.0,101141.0,56.43997,25.50319,0.0,24.0
205,1610612765.0,202704.0,73.64185,25.46927,0.0,24.0
206,1610612765.0,202694.0,48.75734,35.33912,0.0,24.0
207,1610612765.0,203484.0,48.53584,14.48675,0.0,24.0
208,1610612765.0,203083.0,47.35006,24.52459,0.0,24.0
209,-1.0,-1.0,47.24703,25.85747,10.83532,24.0
210,1610612737.0,2594.0,45.81374,15.72725,0.0,24.0
211,1610612737.0,200794.0,57.44889,23.84576,0.0,24.0
212,1610612737.0,201143.0,47.28801,24.58755,0.0,24.0
213,1610612737.0,201952.0,29.70233,23.49356,0.0,24.0
214,1610612737.0,203145.0,40.63349,31.67858,0.0,24.0
215,1610612765.0,101141.0,56.42799,25.52093,0.0,24.0
216,1610612765.0,202704.0,73.62453,25.474,0.0,24.0
217,1610612765.0,202694.0,48.81587,35.35687,0.0,24.0
218,1610612765.0,203484.0,48.54346,14.48531,0.0,24.0
219,1610612765.0,203083.0,47.28801,24.58755,0.0,24.0
220,-1.0,-1.0,47.24703,25.85747,10.83532,24.0
221,1610612737.0,2594.0,45.82754,15.72558,0.0,24.0
222,1610612737.0,200794.0,57.60403,24.0483,0.0,24.0
223,1610612737.0,201143.0,47.21449,24.65026,0.0,24.0
224,1610612737.0,201952.0,29.76915,23.50429,0.0,24.0
225,1610612737.0,203145.0,40.64514,31.67489,0.0,24.0
226,1610612765.0,101141.0,56.42615,25.52497,0.0,24.0
227,1610612765.0,202704.0,73.60504,25.48366,0.0,24.0
228,1610612765.0,202694.0,48.88229,35.36965,0.0,24.0
229,1610612765.0,203484.0,48.55197,14.48278,0.0,24.0
230,1610612765.0,203083.0,47.21449,24.65026,0.0,24.0
231,-1.0,-1.0,47.33133,25.83358,10.83475,24.0
232,1610612737.0,2594.0,45.83874,15.7226,0.0,24.0
233,1610612737.0,200794.0,57.7642,24.24159,0.0,24.0
234,1610612737.0,201143.0,47.13807,24.67531,0.0,24.0
235,1610612737.0,201952.0,29.83654,23.51921,0.0,24.0
236,1610612737.0,203145.0,40.65838,31.67316,0.0,24.0
237,1610612765.0,101141.0,56.40049,25.56936,0.0,24.0
238,1610612765.0,202704.0,73.5785,25.49387,0.0,24.0
239,1610612765.0,202694.0,48.95184,35.3834,0.0,24.0
240,1610612765.0,203484.0,48.56249,14.48082,0.0,24.0
241,1610612765.0,203083.0,47.13807,24.67531,0.0,24.0
242,-1.0,-1.0,47.53503,25.80969,10.83276,24.0
243,1610612737.0,2594.0,45.8503,15.72195,0.0,24.0
244,1610612737.0,200794.0,57.91848,24.4902,0.0,24.0
245,1610612737.0,201143.0,47.09905,24.71032,0.0,24.0
246,1610612737.0,201952.0,29.90748,23.53192,0.0,24.0
247,1610612737.0,203145.0,40.67021,31.67007,0.0,24.0
248,1610612765.0,101141.0,56.36302,25.5801,0.0,24.0
249,1610612765.0,202704.0,73.54558,25.50349,0.0,24.0
250,1610612765.0,202694.0,49.02326,35.4037,0.0,24.0
251,1610612765.0,203484.0,48.57472,14.48124,0.0,24.0
252,1610612765.0,203083.0,47.09905,24.71032,0.0,24.0
253,-1.0,-1.0,48.03943,25.95431,10.70486,24.0
254,1610612737.0,2594.0,45.86079,15.72329,0.0,24.0
255,1610612737.0,200794.0,58.0891,24.77415,0.0,24.0
256,1610612737.0,201143.0,47.03424,24.74635,0.0,24.0
257,1610612737.0,201952.0,29.97636,23.54808,0.0,24.0
258,1610612737.0,203145.0,40.6835,31.67084,0.0,24.0
259,1610612765.0,101141.0,56.30566,25.61475,0.0,24.0
260,1610612765.0,202704.0,73.51029,25.5168,0.0,24.0
261,1610612765.0,202694.0,49.09837,35.43123,0.0,24.0
262,1610612765.0,203484.0,48.58657,14.48258,0.0,24.0
263,1610612765.0,203083.0,47.03424,24.74635,0.0,24.0
264,-1.0,-1.0,48.45719,26.1264,10.6687,24.0
265,1610612737.0,2594.0,45.87485,15.723700000000001,0.0,24.0
266,1610612737.0,200794.0,58.26303,25.06953,0.0,24.0
267,1610612737.0,201143.0,46.93414,24.81644,0.0,24.0
268,1610612737.0,201952.0,30.04615,23.57495,0.0,24.0
269,1610612737.0,203145.0,40.69306,31.673470000000002,0.0,24.0
270,1610612765.0,101141.0,56.2287,25.71018,0.0,24.0
271,1610612765.0,202704.0,73.4709,25.53365,0.0,24.0
272,1610612765.0,202694.0,49.17343,35.46494,0.0,24.0
273,1610612765.0,203484.0,48.59926,14.48143,0.0,24.0
274,1610612765.0,203083.0,46.93414,24.81644,0.0,24.0
275,-1.0,-1.0,48.93595,26.3289,10.61173,24.0
276,1610612737.0,2594.0,45.88926,15.72361,0.0,24.0
277,1610612737.0,200794.0,58.4609,25.42104,0.0,24.0
278,1610612737.0,201143.0,46.90739,24.82542,0.0,24.0
279,1610612737.0,201952.0,30.11716,23.60781,0.0,24.0
280,1610612737.0,203145.0,40.70237,31.678350000000002,0.0,24.0
281,1610612765.0,101141.0,56.18904,25.79778,0.0,24.0
282,1610612765.0,202704.0,73.4218,25.55882,0.0,24.0
283,1610612765.0,202694.0,49.24934,35.50559,0.0,24.0
284,1610612765.0,203484.0,48.61058,14.47924,0.0,24.0
285,1610612765.0,203083.0,46.90739,24.82542,0.0,24.0
286,-1.0,-1.0,49.42672,26.44294,10.26369,24.0
287,1610612737.0,2594.0,45.90043,15.72644,0.0,24.0
288,1610612737.0,200794.0,58.67284,25.80171,0.0,24.0
289,1610612737.0,201143.0,46.83827,24.78349,0.0,24.0
290,1610612737.0,201952.0,30.18538,23.63479,0.0,24.0
291,1610612737.0,203145.0,40.71051,31.6862,0.0,24.0
292,1610612765.0,101141.0,56.1517,25.88876,0.0,24.0
293,1610612765.0,202704.0,73.37192,25.58379,0.0,24.0
294,1610612765.0,202694.0,49.31996,35.55237,0.0,24.0
295,1610612765.0,203484.0,48.62409,14.47704,0.0,24.0
296,1610612765.0,203083.0,46.83827,24.78349,0.0,24.0
297,-1.0,-1.0,50.2928,27.14137,9.44063,24.0
298,1610612737.0,2594.0,45.91098,15.72786,0.0,24.0
299,1610612737.0,200794.0,58.87503,26.13193,0.0,24.0
300,1610612737.0,201143.0,46.77932,24.8011,0.0,24.0
301,1610612737.0,201952.0,30.25836,23.65752,0.0,24.0
302,1610612737.0,203145.0,40.71817,31.69547,0.0,24.0
303,1610612765.0,101141.0,56.11959,25.9805,0.0,24.0
304,1610612765.0,202704.0,73.31721,25.61704,0.0,24.0
305,1610612765.0,202694.0,49.38052,35.60063,0.0,24.0
306,1610612765.0,203484.0,48.63752,14.47566,0.0,24.0
307,1610612765.0,203083.0,46.77932,24.8011,0.0,24.0
308,-1.0,-1.0,50.36814,26.73636,9.73039,24.0
309,1610612737.0,2594.0,45.92204,15.73198,0.0,24.0
310,1610612737.0,200794.0,59.06967,26.47131,0.0,24.0
311,1610612737.0,201143.0,46.71399,24.78748,0.0,24.0
312,1610612737.0,201952.0,30.33317,23.68904,0.0,24.0
313,1610612737.0,203145.0,40.72481,31.7043,0.0,24.0
314,1610612765.0,101141.0,56.07824,26.08875,0.0,24.0
315,1610612765.0,202704.0,73.25736,25.66784,0.0,24.0
316,1610612765.0,202694.0,49.43313,35.65135,0.0,24.0
317,1610612765.0,203484.0,48.65392,14.47531,0.0,24.0
318,1610612765.0,203083.0,46.71399,24.78748,0.0,24.0
319,-1.0,-1.0,50.86611,26.91517,9.29982,24.0
320,1610612737.0,2594.0,45.93318,15.73601,0.0,24.0
321,1610612737.0,200794.0,59.27427,26.83088,0.0,24.0
322,1610612737.0,201143.0,46.6404,24.76808,0.0,24.0
323,1610612737.0,201952.0,30.41504,23.72431,0.0,24.0
324,1610612737.0,203145.0,40.73088,31.71377,0.0,24.0
325,1610612765.0,101141.0,56.03871,26.20577,0.0,24.0
326,1610612765.0,202704.0,73.19023,25.73052,0.0,24.0
327,1610612765.0,202694.0,49.4809,35.70788,0.0,24.0
328,1610612765.0,203484.0,48.66981,14.47452,0.0,24.0
329,1610612765.0,203083.0,46.6404,24.76808,0.0,24.0
330,-1.0,-1.0,51.30421,27.06391,8.88921,24.0
331,1610612737.0,2594.0,45.94239,15.7393,0.0,24.0
332,1610612737.0,200794.0,59.46408,27.17363,0.0,24.0
333,1610612737.0,201143.0,46.58293,24.75485,0.0,24.0
334,1610612737.0,201952.0,30.49326,23.75749,0.0,24.0
335,1610612737.0,203145.0,40.73524,31.73079,0.0,24.0
336,1610612765.0,101141.0,55.99596,26.33195,0.0,24.0
337,1610612765.0,202704.0,73.11433,25.7905,0.0,24.0
338,1610612765.0,202694.0,49.50903,35.76516,0.0,24.0
339,1610612765.0,203484.0,48.68047,14.4763,0.0,24.0
340,1610612765.0,203083.0,46.58293,24.75485,0.0,24.0
341,-1.0,-1.0,51.82459,27.2645,8.57608,24.0
342,1610612737.0,2594.0,45.94729,15.7457,0.0,24.0
343,1610612737.0,200794.0,59.68507,27.53738,0.0,24.0
344,1610612737.0,201143.0,46.52499,24.75931,0.0,24.0
345,1610612737.0,201952.0,30.57347,23.79446,0.0,24.0
346,1610612737.0,203145.0,40.73753,31.74816,0.0,24.0
347,1610612765.0,101141.0,55.97429,26.45843,0.0,24.0
348,1610612765.0,202704.0,73.03355,25.856,0.0,24.0
349,1610612765.0,202694.0,49.52045,35.81709,0.0,24.0
350,1610612765.0,203484.0,48.69044,14.47754,0.0,24.0
351,1610612765.0,203083.0,46.52499,24.75931,0.0,24.0
352,-1.0,-1.0,52.2405,27.38656,7.9051,24.0
353,1610612737.0,2594.0,45.95202,15.75266,0.0,24.0
354,1610612737.0,200794.0,59.85005,27.85833,0.0,24.0
355,1610612737.0,201143.0,46.48851,24.76406,0.0,24.0
356,1610612737.0,201952.0,30.6521,23.83379,0.0,24.0
357,1610612737.0,203145.0,40.73751,31.76716,0.0,24.0
358,1610612765.0,101141.0,55.95192,26.6487,0.0,24.0
359,1610612765.0,202704.0,72.94925,25.92129,0.0,24.0
360,1610612765.0,202694.0,49.51454,35.87727,0.0,24.0
361,1610612765.0,203484.0,48.69505,14.48079,0.0,24.0
362,1610612765.0,203083.0,46.48851,24.76406,0.0,24.0
363,-1.0,-1.0,52.75719,27.53421,7.36181,24.0
364,1610612737.0,2594.0,45.9506,15.76313,0.0,24.0
365,1610612737.0,200794.0,60.00773,28.09957,0.0,24.0
366,1610612737.0,201143.0,46.41131,24.76516,0.0,24.0
367,1610612737.0,201952.0,30.73689,23.87586,0.0,24.0
368,1610612737.0,203145.0,40.73357,31.78623,0.0,24.0
369,1610612765.0,101141.0,55.93403,26.79078,0.0,24.0
370,1610612765.0,202704.0,72.86485,25.98048,0.0,24.0
371,1610612765.0,202694.0,49.4946,35.93835,0.0,24.0
372,1610612765.0,203484.0,48.70043,14.48696,0.0,24.0
373,1610612765.0,203083.0,46.41131,24.76516,0.0,24.0
374,-1.0,-1.0,53.11965,27.65268,6.84005,24.0
375,1610612737.0,2594.0,45.94323,15.77315,0.0,24.0
376,1610612737.0,200794.0,60.15277,28.38862,0.0,24.0
377,1610612737.0,201143.0,46.37621,24.73123,0.0,24.0
378,1610612737.0,201952.0,30.82054,23.91245,0.0,24.0
379,1610612737.0,203145.0,40.72792,31.80443,0.0,24.0
380,1610612765.0,101141.0,55.92218,26.94626,0.0,24.0
381,1610612765.0,202704.0,72.77105,26.02979,0.0,24.0
382,1610612765.0,202694.0,49.45689,36.00324,0.0,24.0
383,1610612765.0,203484.0,48.70092,14.49007,0.0,24.0
384,1610612765.0,203083.0,46.37621,24.73123,0.0,24.0
385,-1.0,-1.0,53.34303,27.67727,6.54729,23.98
386,1610612737.0,2594.0,45.92986,15.786010000000001,0.0,23.98
387,1610612737.0,200794.0,60.29174,28.63244,0.0,23.98
388,1610612737.0,201143.0,46.34379,24.70882,0.0,23.98
389,1610612737.0,201952.0,30.90357,23.94207,0.0,23.98
390,1610612737.0,203145.0,40.71727,31.82139,0.0,23.98
391,1610612765.0,101141.0,55.91037,27.09916,0.0,23.98
392,1610612765.0,202704.0,72.68182,26.05521,0.0,23.98
393,1610612765.0,202694.0,49.3944,36.0796,0.0,23.98
394,1610612765.0,203484.0,48.7011,14.49079,0.0,23.98
395,1610612765.0,203083.0,46.34379,24.70882,0.0,23.98
396,-1.0,-1.0,53.38878,27.6336,6.32801,23.94
397,1610612737.0,2594.0,45.9111,15.795490000000001,0.0,23.94
398,1610612737.0,200794.0,60.41785,28.86565,0.0,23.94
399,1610612737.0,201143.0,46.30777,24.77826,0.0,23.94
400,1610612737.0,201952.0,30.9862,23.96915,0.0,23.94
401,1610612737.0,203145.0,40.70199,31.84047,0.0,23.94
402,1610612765.0,101141.0,55.90146,27.23184,0.0,23.94
403,1610612765.0,202704.0,72.60517,26.0607,0.0,23.94
404,1610612765.0,202694.0,49.31591,36.16207,0.0,23.94
405,1610612765.0,203484.0,48.6913,14.49432,0.0,23.94
406,1610612765.0,203083.0,46.27923,24.68164,0.0,23.94
407,-1.0,-1.0,53.47474,27.68673,6.47278,23.9
408,1610612737.0,2594.0,45.88531,15.80907,0.0,23.9
409,1610612737.0,200794.0,60.55955,29.03812,0.0,23.9
410,1610612737.0,201143.0,46.27281,24.93825,0.0,23.9
411,1610612737.0,201952.0,31.06622,23.99459,0.0,23.9
412,1610612737.0,203145.0,40.67765,31.85519,0.0,23.9
413,1610612765.0,101141.0,55.89703,27.40656,0.0,23.9
414,1610612765.0,202704.0,72.53429,26.04006,0.0,23.9
415,1610612765.0,202694.0,49.22684,36.24572,0.0,23.9
416,1610612765.0,203484.0,48.67719,14.49528,0.0,23.9
417,1610612765.0,203083.0,46.2178,24.65853,0.0,23.9
418,-1.0,-1.0,53.45347,27.51361,6.09299,23.86
419,1610612737.0,2594.0,45.84989,15.8218,0.0,23.86
420,1610612737.0,200794.0,60.68772,29.16891,0.0,23.86
421,1610612737.0,201143.0,46.16357,25.10921,0.0,23.86
422,1610612737.0,201952.0,31.15084,24.01622,0.0,23.86
423,1610612737.0,203145.0,40.6491,31.86526,0.0,23.86
424,1610612765.0,101141.0,55.91612,27.56813,0.0,23.86
425,1610612765.0,202704.0,72.46863,25.98595,0.0,23.86
426,1610612765.0,202694.0,49.1267,36.32958,0.0,23.86
427,1610612765.0,203484.0,48.65413,14.4984,0.0,23.86
428,1610612765.0,203083.0,46.13486,24.59749,0.0,23.86
429,-1.0,-1.0,53.71557,27.5077,6.16468,23.82
430,1610612737.0,2594.0,45.80242,15.84265,0.0,23.82
431,1610612737.0,200794.0,60.81401,29.27647,0.0,23.82
432,1610612737.0,201143.0,46.09387,25.27554,0.0,23.82
433,1610612737.0,201952.0,31.23625,24.02557,0.0,23.82
434,1610612737.0,203145.0,40.61628,31.87235,0.0,23.82
435,1610612765.0,101141.0,55.95265,27.67224,0.0,23.82
436,1610612765.0,202704.0,72.40882,25.90623,0.0,23.82
437,1610612765.0,202694.0,49.01469,36.42276,0.0,23.82
438,1610612765.0,203484.0,48.56376,14.53651,0.0,23.82
439,1610612765.0,203083.0,46.06746,24.51617,0.0,23.82
440,-1.0,-1.0,53.86505,27.40813,6.11854,23.78
441,1610612737.0,2594.0,45.75425,15.8604,0.0,23.78
442,1610612737.0,200794.0,60.91075,29.31455,0.0,23.78
443,1610612737.0,201143.0,45.91761,25.47322,0.0,23.78
444,1610612737.0,201952.0,31.32354,24.02198,0.0,23.78
445,1610612737.0,203145.0,40.57557,31.88247,0.0,23.78
446,1610612765.0,101141.0,55.95382,27.79355,0.0,23.78
447,1610612765.0,202704.0,72.35836,25.78756,0.0,23.78
448,1610612765.0,202694.0,48.89031,36.51228,0.0,23.78
449,1610612765.0,203484.0,48.40064,14.60914,0.0,23.78
450,1610612765.0,203083.0,45.91532,24.44868,0.0,23.78
451,-1.0,-1.0,53.99511,27.3702,5.94818,23.74
452,1610612737.0,2594.0,45.69656,15.87894,0.0,23.74
453,1610612737.0,200794.0,60.98789,29.31975,0.0,23.74
454,1610612737.0,201143.0,45.77869,25.71039,0.0,23.74
455,1610612737.0,201952.0,31.41144,24.01469,0.0,23.74
456,1610612737.0,203145.0,40.52949,31.88624,0.0,23.74
457,1610612765.0,101141.0,55.94971,27.91819,0.0,23.74
458,1610612765.0,202704.0,72.31456,25.65295,0.0,23.74
459,1610612765.0,202694.0,48.75512,36.60271,0.0,23.74
460,1610612765.0,203484.0,48.15902,14.71416,0.0,23.74
461,1610612765.0,203083.0,45.78236,24.40717,0.0,23.74
462,-1.0,-1.0,54.30836,27.35584,6.24305,23.7
463,1610612737.0,2594.0,45.61366,15.90893,0.0,23.7
464,1610612737.0,200794.0,61.06248,29.34331,0.0,23.7
465,1610612737.0,201143.0,45.64929,25.90168,0.0,23.7
466,1610612737.0,201952.0,31.49363,23.99925,0.0,23.7
467,1610612737.0,203145.0,40.47555,31.88997,0.0,23.7
468,1610612765.0,101141.0,55.93856,28.03357,0.0,23.7
469,1610612765.0,202704.0,72.27988,25.49175,0.0,23.7
470,1610612765.0,202694.0,48.61561,36.69878,0.0,23.7
471,1610612765.0,203484.0,47.89275,14.82728,0.0,23.7
472,1610612765.0,203083.0,45.66764,24.30291,0.0,23.7
473,-1.0,-1.0,54.77001,27.63933,5.8572500000000005,23.66
474,1610612737.0,2594.0,45.51127,15.940010000000001,0.0,23.66
475,1610612737.0,200794.0,61.12232,29.3412,0.0,23.66
476,1610612737.0,201143.0,45.47989,26.10701,0.0,23.66
477,1610612737.0,201952.0,31.57615,23.97908,0.0,23.66
478,1610612737.0,203145.0,40.4123,31.90102,0.0,23.66
479,1610612765.0,101141.0,55.9228,28.14782,0.0,23.66
480,1610612765.0,202704.0,72.25759,25.30237,0.0,23.66
481,1610612765.0,202694.0,48.46524,36.79297,0.0,23.66
482,1610612765.0,203484.0,47.606700000000004,14.94416,0.0,23.66
483,1610612765.0,203083.0,45.53192,24.26958,0.0,23.66
484,-1.0,-1.0,54.94316,27.52624,6.20382,23.62
485,1610612737.0,2594.0,45.38544,15.97794,0.0,23.62
486,1610612737.0,200794.0,61.16583,29.31062,0.0,23.62
487,1610612737.0,201143.0,45.30794,26.31867,0.0,23.62
488,1610612737.0,201952.0,31.65269,23.95074,0.0,23.62
489,1610612737.0,203145.0,40.34403,31.90947,0.0,23.62
490,1610612765.0,101141.0,55.89938,28.26533,0.0,23.62
491,1610612765.0,202704.0,72.24618,25.08691,0.0,23.62
492,1610612765.0,202694.0,48.31244,36.88214,0.0,23.62
493,1610612765.0,203484.0,47.29779,15.06822,0.0,23.62
494,1610612765.0,203083.0,45.39057,24.23679,0.0,23.62
495,-1.0,-1.0,55.24885,27.70888,6.0412,23.59
496,1610612737.0,2594.0,45.24349,16.0159,0.0,23.59
497,1610612737.0,200794.0,61.19563,29.24713,0.0,23.59
498,1610612737.0,201143.0,45.12209,26.52086,0.0,23.59
499,1610612737.0,201952.0,31.7315,23.92157,0.0,23.59
500,1610612737.0,203145.0,40.26539,31.91919,0.0,23.59
501,1610612765.0,101141.0,55.87664,28.38165,0.0,23.59
502,1610612765.0,202704.0,72.25213,24.85833,0.0,23.59
503,1610612765.0,202694.0,48.15518,36.97859,0.0,23.59
504,1610612765.0,203484.0,46.97158,15.19272,0.0,23.59
505,1610612765.0,203083.0,45.24099,24.1926,0.0,23.59
506,-1.0,-1.0,55.12657,27.71564,6.27565,23.55
507,1610612737.0,2594.0,45.08383,16.05702,0.0,23.55
508,1610612737.0,200794.0,61.21541,29.15697,0.0,23.55
509,1610612737.0,201143.0,44.94602,26.6723,0.0,23.55
510,1610612737.0,201952.0,31.80436,23.88694,0.0,23.55
511,1610612737.0,203145.0,40.17958,31.93357,0.0,23.55
512,1610612765.0,101141.0,55.85075,28.50124,0.0,23.55
513,1610612765.0,202704.0,72.26898,24.61324,0.0,23.55
514,1610612765.0,202694.0,47.99893,37.07822,0.0,23.55
515,1610612765.0,203484.0,46.62759,15.32155,0.0,23.55
516,1610612765.0,203083.0,45.0836,24.14108,0.0,23.55
517,-1.0,-1.0,55.15716,27.97928,6.17165,23.51
518,1610612737.0,2594.0,44.9083,16.1073,0.0,23.51
519,1610612737.0,200794.0,61.22144,29.03837,0.0,23.51
520,1610612737.0,201143.0,44.76115,26.82419,0.0,23.51
521,1610612737.0,201952.0,31.87924,23.85212,0.0,23.51
522,1610612737.0,203145.0,40.08474,31.95608,0.0,23.51
523,1610612765.0,101141.0,55.81787,28.61404,0.0,23.51
524,1610612765.0,202704.0,72.29103,24.35252,0.0,23.51
525,1610612765.0,202694.0,47.83936,37.17371,0.0,23.51
526,1610612765.0,203484.0,46.27101,15.45708,0.0,23.51
527,1610612765.0,203083.0,44.9114,24.0758,0.0,23.51
528,-1.0,-1.0,54.9784,28.17711,6.25342,23.47
529,1610612737.0,2594.0,44.722,16.15193,0.0,23.47
530,1610612737.0,200794.0,61.22229,28.90371,0.0,23.47
531,1610612737.0,201143.0,44.53528,27.02799,0.0,23.47
532,1610612737.0,201952.0,31.94976,23.82023,0.0,23.47
533,1610612737.0,203145.0,39.98243,31.99489,0.0,23.47
534,1610612765.0,101141.0,55.7815,28.72674,0.0,23.47
535,1610612765.0,202704.0,72.32279,24.08441,0.0,23.47
536,1610612765.0,202694.0,47.66618,37.26891,0.0,23.47
537,1610612765.0,203484.0,45.89619,15.58888,0.0,23.47
538,1610612765.0,203083.0,44.72867,24.00912,0.0,23.47
539,-1.0,-1.0,54.87481,28.49582,6.2418,23.43
540,1610612737.0,2594.0,44.52024,16.19603,0.0,23.43
541,1610612737.0,200794.0,61.20548,28.75581,0.0,23.43
542,1610612737.0,201143.0,44.30628,27.24546,0.0,23.43
543,1610612737.0,201952.0,32.01931,23.79175,0.0,23.43
544,1610612737.0,203145.0,39.86647,32.0412,0.0,23.43
545,1610612765.0,101141.0,55.74694,28.84775,0.0,23.43
546,1610612765.0,202704.0,72.37063,23.81134,0.0,23.43
547,1610612765.0,202694.0,47.48349,37.36794,0.0,23.43
548,1610612765.0,203484.0,45.50721,15.72395,0.0,23.43
549,1610612765.0,203083.0,44.54943,23.94805,0.0,23.43
550,-1.0,-1.0,54.82205,29.23933,5.99361,23.39
551,1610612737.0,2594.0,44.3082,16.23867,0.0,23.39
552,1610612737.0,200794.0,61.17903,28.59798,0.0,23.39
553,1610612737.0,201143.0,44.02793,27.49704,0.0,23.39
554,1610612737.0,201952.0,32.08423,23.75974,0.0,23.39
555,1610612737.0,203145.0,39.74168,32.10202,0.0,23.39
556,1610612765.0,101141.0,55.72001,28.96728,0.0,23.39
557,1610612765.0,202704.0,72.42329,23.54362,0.0,23.39
558,1610612765.0,202694.0,47.29743,37.46391,0.0,23.39
559,1610612765.0,203484.0,45.10149,15.8604,0.0,23.39
560,1610612765.0,203083.0,44.34387,23.86947,0.0,23.39
561,-1.0,-1.0,54.70908,29.52729,5.9889600000000005,23.35
562,1610612737.0,2594.0,44.08577,16.27907,0.0,23.35
563,1610612737.0,200794.0,61.14815,28.42654,0.0,23.35
564,1610612737.0,201143.0,43.72873,27.66634,0.0,23.35
565,1610612737.0,201952.0,32.14884,23.73279,0.0,23.35
566,1610612737.0,203145.0,39.60657,32.17215,0.0,23.35
567,1610612765.0,101141.0,55.69216,29.09256,0.0,23.35
568,1610612765.0,202704.0,72.4727,23.27583,0.0,23.35
569,1610612765.0,202694.0,47.10148,37.56432,0.0,23.35
570,1610612765.0,203484.0,44.68637,15.98955,0.0,23.35
571,1610612765.0,203083.0,44.14742,23.8054,0.0,23.35
572,-1.0,-1.0,54.82535,29.85037,6.0856,23.31
573,1610612737.0,2594.0,43.84162,16.30961,0.0,23.31
574,1610612737.0,200794.0,61.09772,28.25179,0.0,23.31
575,1610612737.0,201143.0,43.41039,27.71322,0.0,23.31
576,1610612737.0,201952.0,32.20986,23.70551,0.0,23.31
577,1610612737.0,203145.0,39.46992,32.25398,0.0,23.31
578,1610612765.0,101141.0,55.66498,29.20601,0.0,23.31
579,1610612765.0,202704.0,72.52552,23.0153,0.0,23.31
580,1610612765.0,202694.0,46.89391,37.65551,0.0,23.31
581,1610612765.0,203484.0,44.24631,16.11415,0.0,23.31
582,1610612765.0,203083.0,43.92271,23.73685,0.0,23.31
583,-1.0,-1.0,54.84941,30.4908,5.82201,23.27
584,1610612737.0,2594.0,43.58635,16.33554,0.0,23.27
585,1610612737.0,200794.0,61.03316,28.07414,0.0,23.27
586,1610612737.0,201143.0,43.14528,27.73636,0.0,23.27
587,1610612737.0,201952.0,32.26559,23.68484,0.0,23.27
588,1610612737.0,203145.0,39.31962,32.3433,0.0,23.27
589,1610612765.0,101141.0,55.63767,29.30732,0.0,23.27
590,1610612765.0,202704.0,72.58307,22.76237,0.0,23.27
591,1610612765.0,202694.0,46.67492,37.74258,0.0,23.27
592,1610612765.0,203484.0,43.79315,16.23429,0.0,23.27
593,1610612765.0,203083.0,43.7024,23.68841,0.0,23.27
594,-1.0,-1.0,55.07244,30.82288,5.73047,23.23
595,1610612737.0,2594.0,43.31612,16.35472,0.0,23.23
596,1610612737.0,200794.0,60.95598,27.89526,0.0,23.23
597,1610612737.0,201143.0,42.84194,27.74319,0.0,23.23
598,1610612737.0,201952.0,32.31871,23.67442,0.0,23.23
599,1610612737.0,203145.0,39.16052,32.44321,0.0,23.23
600,1610612765.0,101141.0,55.60225,29.39599,0.0,23.23
601,1610612765.0,202704.0,72.64354,22.51766,0.0,23.23
602,1610612765.0,202694.0,46.45152,37.82294,0.0,23.23
603,1610612765.0,203484.0,43.38129,16.32236,0.0,23.23
604,1610612765.0,203083.0,43.46849,23.63696,0.0,23.23
605,-1.0,-1.0,55.27776,31.08936,5.65287,23.19
606,1610612737.0,2594.0,43.02766,16.37688,0.0,23.19
607,1610612737.0,200794.0,60.86723,27.71575,0.0,23.19
608,1610612737.0,201143.0,42.54928,27.75163,0.0,23.19
609,1610612737.0,201952.0,32.367,23.67154,0.0,23.19
610,1610612737.0,203145.0,38.99581,32.54868,0.0,23.19
611,1610612765.0,101141.0,55.56287,29.4777,0.0,23.19
612,1610612765.0,202704.0,72.70876,22.28046,0.0,23.19
613,1610612765.0,202694.0,46.21737,37.91,0.0,23.19
614,1610612765.0,203484.0,43.09536,16.36657,0.0,23.19
615,1610612765.0,203083.0,43.22725,23.60106,0.0,23.19
616,-1.0,-1.0,55.44446,31.20349,5.75846,23.15
617,1610612737.0,2594.0,42.721940000000004,16.38788,0.0,23.15
618,1610612737.0,200794.0,60.76503,27.53323,0.0,23.15
619,1610612737.0,201143.0,42.22305,27.76442,0.0,23.15
620,1610612737.0,201952.0,32.41028,23.66846,0.0,23.15
621,1610612737.0,203145.0,38.82261,32.66398,0.0,23.15
622,1610612765.0,101141.0,55.5231,29.55928,0.0,23.15
623,1610612765.0,202704.0,72.78042,22.04204,0.0,23.15
624,1610612765.0,202694.0,45.97354,37.98049,0.0,23.15
625,1610612765.0,203484.0,42.93535,16.36691,0.0,23.15
626,1610612765.0,203083.0,42.99185,23.58539,0.0,23.15
627,-1.0,-1.0,55.67632,31.1524,6.01315,23.11
628,1610612737.0,2594.0,42.41513,16.38636,0.0,23.11
629,1610612737.0,200794.0,60.65,27.35433,0.0,23.11
630,1610612737.0,201143.0,41.89615,27.76785,0.0,23.11
631,1610612737.0,201952.0,32.45359,23.67786,0.0,23.11
632,1610612737.0,203145.0,38.6375,32.79045,0.0,23.11
633,1610612765.0,101141.0,55.48334,29.6449,0.0,23.11
634,1610612765.0,202704.0,72.85399,21.80793,0.0,23.11
635,1610612765.0,202694.0,45.71454,38.04192,0.0,23.11
636,1610612765.0,203484.0,42.85166,16.34657,0.0,23.11
637,1610612765.0,203083.0,42.74871,23.57931,0.0,23.11
638,-1.0,-1.0,55.95612,31.05029,6.16011,23.07
639,1610612737.0,2594.0,42.10311,16.38257,0.0,23.07
640,1610612737.0,200794.0,60.52184,27.1735,0.0,23.07
641,1610612737.0,201143.0,41.5575,27.78432,0.0,23.07
642,1610612737.0,201952.0,32.4881,23.68884,0.0,23.07
643,1610612737.0,203145.0,38.44251,32.92906,0.0,23.07
644,1610612765.0,101141.0,55.44878,29.71674,0.0,23.07
645,1610612765.0,202704.0,72.92687,21.577280000000002,0.0,23.07
646,1610612765.0,202694.0,45.45194,38.09651,0.0,23.07
647,1610612765.0,203484.0,42.83757,16.31164,0.0,23.07
648,1610612765.0,203083.0,42.48485,23.50494,0.0,23.07
649,-1.0,-1.0,56.15669,31.06758,6.13465,23.03
650,1610612737.0,2594.0,41.79676,16.37417,0.0,23.03
651,1610612737.0,200794.0,60.39013,26.99538,0.0,23.03
652,1610612737.0,201143.0,41.19118,27.79987,0.0,23.03
653,1610612737.0,201952.0,32.52409,23.70439,0.0,23.03
654,1610612737.0,203145.0,38.23156,33.06712,0.0,23.03
655,1610612765.0,101141.0,55.42375,29.78102,0.0,23.03
656,1610612765.0,202704.0,72.99849,21.35535,0.0,23.03
657,1610612765.0,202694.0,45.17463,38.14384,0.0,23.03
658,1610612765.0,203484.0,42.89774,16.25944,0.0,23.03
659,1610612765.0,203083.0,42.22301,23.4398,0.0,23.03
660,-1.0,-1.0,56.28182,30.95247,6.38918,22.99
661,1610612737.0,2594.0,41.49208,16.36876,0.0,22.99
662,1610612737.0,200794.0,60.24246,26.8295,0.0,22.99
663,1610612737.0,201143.0,40.84445,27.81,0.0,22.99
664,1610612737.0,201952.0,32.55221,23.71571,0.0,22.99
665,1610612737.0,203145.0,38.01046,33.20325,0.0,22.99
666,1610612765.0,101141.0,55.40016,29.83793,0.0,22.99
667,1610612765.0,202704.0,73.06472,21.14072,0.0,22.99
668,1610612765.0,202694.0,44.88991,38.1743,0.0,22.99
669,1610612765.0,203484.0,42.95945,16.21992,0.0,22.99
670,1610612765.0,203083.0,41.951,23.372,0.0,22.99
671,-1.0,-1.0,56.37413,30.72655,6.63241,22.95
672,1610612737.0,2594.0,41.1867,16.36124,0.0,22.95
673,1610612737.0,200794.0,60.08075,26.67162,0.0,22.95
674,1610612737.0,201143.0,40.45302,27.85746,0.0,22.95
675,1610612737.0,201952.0,32.58201,23.73561,0.0,22.95
676,1610612737.0,203145.0,37.77571,33.33595,0.0,22.95
677,1610612765.0,101141.0,55.38134,29.89178,0.0,22.95
678,1610612765.0,202704.0,73.13034,20.93095,0.0,22.95
679,1610612765.0,202694.0,44.58848,38.19676,0.0,22.95
680,1610612765.0,203484.0,43.02403,16.1895,0.0,22.95
681,1610612765.0,203083.0,41.66997,23.30075,0.0,22.95
682,-1.0,-1.0,56.50786,30.64468,6.87934,22.91
683,1610612737.0,2594.0,40.87228,16.33762,0.0,22.91
684,1610612737.0,200794.0,59.90903,26.52219,0.0,22.91
685,1610612737.0,201143.0,40.03621,27.8581,0.0,22.91
686,1610612737.0,201952.0,32.60982,23.75777,0.0,22.91
687,1610612737.0,203145.0,37.52944,33.45852,0.0,22.91
688,1610612765.0,101141.0,55.37145,29.95081,0.0,22.91
689,1610612765.0,202704.0,73.19725,20.73051,0.0,22.91
690,1610612765.0,202694.0,44.27882,38.19993,0.0,22.91
691,1610612765.0,203484.0,43.0827,16.1648,0.0,22.91
692,1610612765.0,203083.0,41.38633,23.23384,0.0,22.91
693,-1.0,-1.0,56.82137,30.43778,7.0811,22.87
694,1610612737.0,2594.0,40.55464,16.31993,0.0,22.87
695,1610612737.0,200794.0,59.7227,26.38215,0.0,22.87
696,1610612737.0,201143.0,39.63972,27.79206,0.0,22.87
697,1610612737.0,201952.0,32.63186,23.77372,0.0,22.87
698,1610612737.0,203145.0,37.27666,33.57727,0.0,22.87
699,1610612765.0,101141.0,55.36645,30.00617,0.0,22.87
700,1610612765.0,202704.0,73.25444,20.53264,0.0,22.87
701,1610612765.0,202694.0,43.96056,38.18828,0.0,22.87
702,1610612765.0,203484.0,43.14108,16.15776,0.0,22.87
703,1610612765.0,203083.0,41.10964,23.16634,0.0,22.87
704,-1.0,-1.0,57.55791,29.88348,7.56262,22.83
705,1610612737.0,2594.0,40.23202,16.30437,0.0,22.83
706,1610612737.0,200794.0,59.53129,26.25819,0.0,22.83
707,1610612737.0,201143.0,39.23714,27.72587,0.0,22.83
708,1610612737.0,201952.0,32.65219,23.78684,0.0,22.83
709,1610612737.0,203145.0,37.02092,33.6942,0.0,22.83
710,1610612765.0,101141.0,55.35644,30.04617,0.0,22.83
711,1610612765.0,202704.0,73.30304,20.34629,0.0,22.83
712,1610612765.0,202694.0,43.64271,38.14652,0.0,22.83
713,1610612765.0,203484.0,43.19901,16.16671,0.0,22.83
714,1610612765.0,203083.0,40.84617,23.14123,0.0,22.83
715,-1.0,-1.0,58.54231,29.39128,7.61863,22.79
716,1610612737.0,2594.0,39.90814,16.28344,0.0,22.79
717,1610612737.0,200794.0,59.32687,26.14099,0.0,22.79
718,1610612737.0,201143.0,38.84646,27.60391,0.0,22.79
719,1610612737.0,201952.0,32.6747,23.80841,0.0,22.79
720,1610612737.0,203145.0,36.75781,33.8075,0.0,22.79
721,1610612765.0,101141.0,55.33762,30.09104,0.0,22.79
722,1610612765.0,202704.0,73.34418,20.17276,0.0,22.79
723,1610612765.0,202694.0,43.32722,38.09331,0.0,22.79
724,1610612765.0,203484.0,43.25708,16.19329,0.0,22.79
725,1610612765.0,203083.0,40.56249,23.07701,0.0,22.79
726,-1.0,-1.0,59.52098,28.44402,7.98731,22.75
727,1610612737.0,2594.0,39.57467,16.25644,0.0,22.75
728,1610612737.0,200794.0,59.10538,26.03518,0.0,22.75
729,1610612737.0,201143.0,38.44686,27.48366,0.0,22.75
730,1610612737.0,201952.0,32.69265,23.82613,0.0,22.75
731,1610612737.0,203145.0,36.48847,33.92082,0.0,22.75
732,1610612765.0,101141.0,55.31095,30.12775,0.0,22.75
733,1610612765.0,202704.0,73.38062,20.01827,0.0,22.75
734,1610612765.0,202694.0,43.0056,38.02088,0.0,22.75
735,1610612765.0,203484.0,43.31855,16.23326,0.0,22.75
736,1610612765.0,203083.0,40.29695,23.04019,0.0,22.75
737,-1.0,-1.0,60.61574,27.82734,7.79789,22.71
738,1610612737.0,2594.0,39.25054,16.25331,0.0,22.71
739,1610612737.0,200794.0,58.86316,25.97739,0.0,22.71
740,1610612737.0,201143.0,38.02826,27.40129,0.0,22.71
741,1610612737.0,201952.0,32.71176,23.84813,0.0,22.71
742,1610612737.0,203145.0,36.20924,34.03345,0.0,22.71
743,1610612765.0,101141.0,55.28265,30.175,0.0,22.71
744,1610612765.0,202704.0,73.41603,19.87496,0.0,22.71
745,1610612765.0,202694.0,42.68256,37.94415,0.0,22.71
746,1610612765.0,203484.0,43.39396,16.2965,0.0,22.71
747,1610612765.0,203083.0,40.04245,23.01843,0.0,22.71
748,-1.0,-1.0,61.49915,27.02279,7.90231,22.67
749,1610612737.0,2594.0,38.9136,16.24854,0.0,22.67
750,1610612737.0,200794.0,58.60943,25.92642,0.0,22.67
751,1610612737.0,201143.0,37.62257,27.32176,0.0,22.67
752,1610612737.0,201952.0,32.7329,23.84207,0.0,22.67
753,1610612737.0,203145.0,35.92222,34.14147,0.0,22.67
754,1610612765.0,101141.0,55.24516,30.22583,0.0,22.67
755,1610612765.0,202704.0,73.44491,19.74395,0.0,22.67
756,1610612765.0,202694.0,42.35507,37.85682,0.0,22.67
757,1610612765.0,203484.0,43.47843,16.37153,0.0,22.67
758,1610612765.0,203083.0,39.80816,23.01606,0.0,22.67
759,-1.0,-1.0,62.47283,26.24056,8.02537,22.63
760,1610612737.0,2594.0,38.57381,16.24982,0.0,22.63
761,1610612737.0,200794.0,58.35215,25.82623,0.0,22.63
762,1610612737.0,201143.0,37.18734,27.23426,0.0,22.63
763,1610612737.0,201952.0,32.74519,23.86137,0.0,22.63
764,1610612737.0,203145.0,35.62692,34.24966,0.0,22.63
765,1610612765.0,101141.0,55.21289,30.28795,0.0,22.63
766,1610612765.0,202704.0,73.46622,19.62443,0.0,22.63
767,1610612765.0,202694.0,42.02053,37.75385,0.0,22.63
768,1610612765.0,203484.0,43.57586,16.46225,0.0,22.63
769,1610612765.0,203083.0,39.5851,23.03261,0.0,22.63
770,-1.0,-1.0,63.46661,25.58293,7.84373,22.59
771,1610612737.0,2594.0,38.21982,16.25974,0.0,22.59
772,1610612737.0,200794.0,58.09028,25.73401,0.0,22.59
773,1610612737.0,201143.0,36.74778,27.14917,0.0,22.59
774,1610612737.0,201952.0,32.75782,23.87998,0.0,22.59
775,1610612737.0,203145.0,35.32196,34.35046,0.0,22.59
776,1610612765.0,101141.0,55.18189,30.35114,0.0,22.59
777,1610612765.0,202704.0,73.47363,19.51362,0.0,22.59
778,1610612765.0,202694.0,41.67702,37.6291,0.0,22.59
779,1610612765.0,203484.0,43.60432,16.58426,0.0,22.59
780,1610612765.0,203083.0,39.36478,23.05414,0.0,22.59
781,-1.0,-1.0,64.31545,24.77869,7.84429,22.55
782,1610612737.0,2594.0,37.87019,16.28797,0.0,22.55
783,1610612737.0,200794.0,57.82101,25.65405,0.0,22.55
784,1610612737.0,201143.0,36.31644,27.07109,0.0,22.55
785,1610612737.0,201952.0,32.77268,23.90079,0.0,22.55
786,1610612737.0,203145.0,35.00533,34.44341,0.0,22.55
787,1610612765.0,101141.0,55.15221,30.41196,0.0,22.55
788,1610612765.0,202704.0,73.45994,19.41799,0.0,22.55
789,1610612765.0,202694.0,41.32765,37.50004,0.0,22.55
790,1610612765.0,203484.0,43.561,16.73584,0.0,22.55
791,1610612765.0,203083.0,39.13734,23.07799,0.0,22.55
792,-1.0,-1.0,65.44193,24.10221,7.61811,22.51
793,1610612737.0,2594.0,37.5244,16.32665,0.0,22.51
794,1610612737.0,200794.0,57.54206,25.58207,0.0,22.51
795,1610612737.0,201143.0,35.87546,27.00447,0.0,22.51
796,1610612737.0,201952.0,32.78399,23.91675,0.0,22.51
797,1610612737.0,203145.0,34.68951,34.53011,0.0,22.51
798,1610612765.0,101141.0,55.12109,30.45722,0.0,22.51
799,1610612765.0,202704.0,73.42678,19.32721,0.0,22.51
800,1610612765.0,202694.0,40.9809,37.37129,0.0,22.51
801,1610612765.0,203484.0,43.44115,16.92353,0.0,22.51
802,1610612765.0,203083.0,38.91052,23.10517,0.0,22.51
803,-1.0,-1.0,66.31578,23.35678,7.59687,22.47
804,1610612737.0,2594.0,37.17963,16.3748,0.0,22.47
805,1610612737.0,200794.0,57.25196,25.51183,0.0,22.47
806,1610612737.0,201143.0,35.43185,26.91483,0.0,22.47
807,1610612737.0,201952.0,32.78985,23.9339,0.0,22.47
808,1610612737.0,203145.0,34.36893,34.58934,0.0,22.47
809,1610612765.0,101141.0,55.0885,30.49614,0.0,22.47
810,1610612765.0,202704.0,73.3784,19.23723,0.0,22.47
811,1610612765.0,202694.0,40.6248,37.22959,0.0,22.47
812,1610612765.0,203484.0,43.24992,17.14276,0.0,22.47
813,1610612765.0,203083.0,38.6569,23.07712,0.0,22.47
814,-1.0,-1.0,67.29549,22.87806,7.07447,22.43
815,1610612737.0,2594.0,36.83576,16.4295,0.0,22.43
816,1610612737.0,200794.0,56.94638,25.4447,0.0,22.43
817,1610612737.0,201143.0,35.00432,26.81479,0.0,22.43
818,1610612737.0,201952.0,32.79317,23.95505,0.0,22.43
819,1610612737.0,203145.0,34.04588,34.65152,0.0,22.43
820,1610612765.0,101141.0,55.03925,30.52533,0.0,22.43
821,1610612765.0,202704.0,73.31595,19.14877,0.0,22.43
822,1610612765.0,202694.0,40.26827,37.06879,0.0,22.43
823,1610612765.0,203484.0,42.9879,17.3938,0.0,22.43
824,1610612765.0,203083.0,38.40099,23.04405,0.0,22.43
825,-1.0,-1.0,68.29732,21.804570000000002,7.16649,22.39
826,1610612737.0,2594.0,36.47822,16.49618,0.0,22.39
827,1610612737.0,200794.0,56.638,25.37968,0.0,22.39
828,1610612737.0,201143.0,34.55055,26.72842,0.0,22.39
829,1610612737.0,201952.0,32.79429,23.98161,0.0,22.39
830,1610612737.0,203145.0,33.7181,34.70829,0.0,22.39
831,1610612765.0,101141.0,54.97451,30.54547,0.0,22.39
832,1610612765.0,202704.0,73.23603,19.05597,0.0,22.39
833,1610612765.0,202694.0,39.9062,36.90604,0.0,22.39
834,1610612765.0,203484.0,42.72026,17.65342,0.0,22.39
835,1610612765.0,203083.0,38.15425,23.02128,0.0,22.39
836,-1.0,-1.0,69.15626,21.39781,6.58096,22.35
837,1610612737.0,2594.0,36.11229,16.5721,0.0,22.35
838,1610612737.0,200794.0,56.3186,25.31906,0.0,22.35
839,1610612737.0,201143.0,34.07843,26.65957,0.0,22.35
840,1610612737.0,201952.0,32.8076,23.98256,0.0,22.35
841,1610612737.0,203145.0,33.38955,34.75326,0.0,22.35
842,1610612765.0,101141.0,54.88812,30.56499,0.0,22.35
843,1610612765.0,202704.0,73.14894,18.96662,0.0,22.35
844,1610612765.0,202694.0,39.54182,36.73726,0.0,22.35
845,1610612765.0,203484.0,42.4492,17.91518,0.0,22.35
846,1610612765.0,203083.0,37.90976,22.993290000000002,0.0,22.35
847,-1.0,-1.0,70.07524,20.43421,6.401,22.31
848,1610612737.0,2594.0,35.74886,16.65774,0.0,22.31
849,1610612737.0,200794.0,55.99436,25.27049,0.0,22.31
850,1610612737.0,201143.0,33.61606,26.60409,0.0,22.31
851,1610612737.0,201952.0,32.81794,23.97804,0.0,22.31
852,1610612737.0,203145.0,33.05931,34.7957,0.0,22.31
853,1610612765.0,101141.0,54.7726,30.58119,0.0,22.31
854,1610612765.0,202704.0,73.05653,18.87626,0.0,22.31
855,1610612765.0,202694.0,39.17056,36.57437,0.0,22.31
856,1610612765.0,203484.0,42.17854,18.1818,0.0,22.31
857,1610612765.0,203083.0,37.67157,22.97558,0.0,22.31
858,-1.0,-1.0,71.07846,19.87417,5.99146,22.27
859,1610612737.0,2594.0,35.37832,16.7379,0.0,22.27
860,1610612737.0,200794.0,55.66114,25.22181,0.0,22.27
861,1610612737.0,201143.0,33.17888,26.52255,0.0,22.27
862,1610612737.0,201952.0,32.82772,23.99699,0.0,22.27
863,1610612737.0,203145.0,32.72017,34.81312,0.0,22.27
864,1610612765.0,101141.0,54.64044,30.59493,0.0,22.27
865,1610612765.0,202704.0,72.95351,18.79962,0.0,22.27
866,1610612765.0,202694.0,38.80206,36.40729,0.0,22.27
867,1610612765.0,203484.0,41.90288,18.45363,0.0,22.27
868,1610612765.0,203083.0,37.45564,23.02659,0.0,22.27
869,-1.0,-1.0,71.62537,19.36981,5.51368,22.23
870,1610612737.0,2594.0,35.0105,16.82725,0.0,22.23
871,1610612737.0,200794.0,55.31365,25.16192,0.0,22.23
872,1610612737.0,201143.0,32.75156,26.43146,0.0,22.23
873,1610612737.0,201952.0,32.83602,24.0156,0.0,22.23
874,1610612737.0,203145.0,32.37395,34.81954,0.0,22.23
875,1610612765.0,101141.0,54.49799,30.60395,0.0,22.23
876,1610612765.0,202704.0,72.83378,18.73067,0.0,22.23
877,1610612765.0,202694.0,38.42941,36.24558,0.0,22.23
878,1610612765.0,203484.0,41.62199,18.73628,0.0,22.23
879,1610612765.0,203083.0,37.22876,23.05365,0.0,22.23
880,-1.0,-1.0,71.69003,19.19567,5.32596,22.19
881,1610612737.0,2594.0,34.62447,16.89716,0.0,22.19
882,1610612737.0,200794.0,54.96024,25.11786,0.0,22.19
883,1610612737.0,201143.0,32.32961,26.34638,0.0,22.19
884,1610612737.0,201952.0,32.84279,24.03074,0.0,22.19
885,1610612737.0,203145.0,32.03171,34.8204,0.0,22.19
886,1610612765.0,101141.0,54.35152,30.61055,0.0,22.19
887,1610612765.0,202704.0,72.69134,18.66844,0.0,22.19
888,1610612765.0,202694.0,38.04556,36.07775,0.0,22.19
889,1610612765.0,203484.0,41.33622,19.03114,0.0,22.19
890,1610612765.0,203083.0,37.02648,23.14152,0.0,22.19
891,-1.0,-1.0,71.58236,19.05504,4.93824,22.15
892,1610612737.0,2594.0,34.24121,16.99787,0.0,22.15
893,1610612737.0,200794.0,54.60327,25.07241,0.0,22.15
894,1610612737.0,201143.0,31.91957,26.29733,0.0,22.15
895,1610612737.0,201952.0,32.85295,24.03961,0.0,22.15
896,1610612737.0,203145.0,31.68902,34.80738,0.0,22.15
897,1610612765.0,101141.0,54.20257,30.60957,0.0,22.15
898,1610612765.0,202704.0,72.51852,18.60587,0.0,22.15
899,1610612765.0,202694.0,37.65695,35.88968,0.0,22.15
900,1610612765.0,203484.0,41.04679,19.3428,0.0,22.15
901,1610612765.0,203083.0,36.81663,23.20903,0.0,22.15
902,-1.0,-1.0,71.72192,18.97671,4.22036,22.11
903,1610612737.0,2594.0,33.84871,17.09538,0.0,22.11
904,1610612737.0,200794.0,54.25551,24.98221,0.0,22.11
905,1610612737.0,201143.0,31.52768,26.24423,0.0,22.11
906,1610612737.0,201952.0,32.86291,24.05805,0.0,22.11
907,1610612737.0,203145.0,31.34887,34.78962,0.0,22.11
908,1610612765.0,101141.0,54.04838,30.59296,0.0,22.11
909,1610612765.0,202704.0,72.32075,18.55444,0.0,22.11
910,1610612765.0,202694.0,37.26501,35.68862,0.0,22.11
911,1610612765.0,203484.0,40.75026,19.66018,0.0,22.11
912,1610612765.0,203083.0,36.61263,23.27397,0.0,22.11
913,-1.0,-1.0,71.63821,18.77993,3.89593,22.07
914,1610612737.0,2594.0,33.49262,17.26489,0.0,22.07
915,1610612737.0,200794.0,53.91099,24.89529,0.0,22.07
916,1610612737.0,201143.0,31.1067,26.126829999999998,0.0,22.07
917,1610612737.0,201952.0,32.86616,24.09478,0.0,22.07
918,1610612737.0,203145.0,31.01279,34.76183,0.0,22.07
919,1610612765.0,101141.0,53.88448,30.56809,0.0,22.07
920,1610612765.0,202704.0,72.09427,18.51641,0.0,22.07
921,1610612765.0,202694.0,36.87185,35.48224,0.0,22.07
922,1610612765.0,203484.0,40.44531,20.00183,0.0,22.07
923,1610612765.0,203083.0,36.38994,23.33231,0.0,22.07
924,-1.0,-1.0,71.67733,18.72751,3.34444,22.03
925,1610612737.0,2594.0,33.13501,17.42909,0.0,22.03
926,1610612737.0,200794.0,53.55061,24.8472,0.0,22.03
927,1610612737.0,201143.0,30.71038,26.01617,0.0,22.03
928,1610612737.0,201952.0,32.88048,24.11723,0.0,22.03
929,1610612737.0,203145.0,30.67954,34.72148,0.0,22.03
930,1610612765.0,101141.0,53.70516,30.53488,0.0,22.03
931,1610612765.0,202704.0,71.84216,18.48889,0.0,22.03
932,1610612765.0,202694.0,36.47491,35.25397,0.0,22.03
933,1610612765.0,203484.0,40.10493,20.30702,0.0,22.03
934,1610612765.0,203083.0,36.18079,23.39174,0.0,22.03
935,-1.0,-1.0,71.58873,18.68398,3.09132,21.99
936,1610612737.0,2594.0,32.7721,17.58634,0.0,21.99
937,1610612737.0,200794.0,53.18137,24.80494,0.0,21.99
938,1610612737.0,201143.0,30.31884,25.89107,0.0,21.99
939,1610612737.0,201952.0,32.87605,24.1023,0.0,21.99
940,1610612737.0,203145.0,30.35019,34.66614,0.0,21.99
941,1610612765.0,101141.0,53.5038,30.49278,0.0,21.99
942,1610612765.0,202704.0,71.57249,18.47696,0.0,21.99
943,1610612765.0,202694.0,36.07309,35.01562,0.0,21.99
944,1610612765.0,203484.0,39.79373,20.66928,0.0,21.99
945,1610612765.0,203083.0,35.95569,23.47824,0.0,21.99
946,-1.0,-1.0,71.31276,18.71051,3.02043,21.95
947,1610612737.0,2594.0,32.41759,17.76795,0.0,21.95
948,1610612737.0,200794.0,52.81789,24.73031,0.0,21.95
949,1610612737.0,201143.0,29.92459,25.76141,0.0,21.95
950,1610612737.0,201952.0,32.88829,24.1389,0.0,21.95
951,1610612737.0,203145.0,30.0262,34.60446,0.0,21.95
952,1610612765.0,101141.0,53.28413,30.44295,0.0,21.95
953,1610612765.0,202704.0,71.28776,18.4604,0.0,21.95
954,1610612765.0,202694.0,35.66891,34.77282,0.0,21.95
955,1610612765.0,203484.0,39.48886,21.03744,0.0,21.95
956,1610612765.0,203083.0,35.77395,23.54872,0.0,21.95
957,-1.0,-1.0,71.08173,18.78274,3.02243,21.91
958,1610612737.0,2594.0,32.05304,17.96106,0.0,21.91
959,1610612737.0,200794.0,52.43519,24.68692,0.0,21.91
960,1610612737.0,201143.0,29.53635,25.62305,0.0,21.91
961,1610612737.0,201952.0,32.89143,24.17215,0.0,21.91
962,1610612737.0,203145.0,29.70037,34.53212,0.0,21.91
963,1610612765.0,101141.0,53.05314,30.39034,0.0,21.91
964,1610612765.0,202704.0,70.99354,18.45366,0.0,21.91
965,1610612765.0,202694.0,35.24574,34.49242,0.0,21.91
966,1610612765.0,203484.0,39.19263,21.41628,0.0,21.91
967,1610612765.0,203083.0,35.59906,23.62312,0.0,21.91
968,-1.0,-1.0,70.7851,19.0111,2.94001,21.87
969,1610612737.0,2594.0,31.69823,18.17185,0.0,21.87
970,1610612737.0,200794.0,52.05954,24.64113,0.0,21.87
971,1610612737.0,201143.0,29.14123,25.43848,0.0,21.87
972,1610612737.0,201952.0,32.97347,24.22571,0.0,21.87
973,1610612737.0,203145.0,29.3699,34.45626,0.0,21.87
974,1610612765.0,101141.0,52.80309,30.33883,0.0,21.87
975,1610612765.0,202704.0,70.6849,18.45443,0.0,21.87
976,1610612765.0,202694.0,34.81591,34.22164,0.0,21.87
977,1610612765.0,203484.0,38.88725,21.807010000000002,0.0,21.87
978,1610612765.0,203083.0,35.41475,23.77673,0.0,21.87
979,-1.0,-1.0,70.22654,19.06026,3.2225800000000002,21.83
980,1610612737.0,2594.0,31.36939,18.36895,0.0,21.83
981,1610612737.0,200794.0,51.68306,24.59173,0.0,21.83
982,1610612737.0,201143.0,28.74566,25.27054,0.0,21.83
983,1610612737.0,201952.0,33.06048,24.278950000000002,0.0,21.83
984,1610612737.0,203145.0,29.03232,34.3663,0.0,21.83
985,1610612765.0,101141.0,52.54651,30.28727,0.0,21.83
986,1610612765.0,202704.0,70.36543,18.46034,0.0,21.83
987,1610612765.0,202694.0,34.38404,33.96536,0.0,21.83
988,1610612765.0,203484.0,38.57817,22.1966,0.0,21.83
989,1610612765.0,203083.0,35.24959,23.935200000000002,0.0,21.83
990,-1.0,-1.0,69.70963,19.15471,3.22057,21.79
991,1610612737.0,2594.0,31.05926,18.56271,0.0,21.79
992,1610612737.0,200794.0,51.30305,24.532890000000002,0.0,21.79
993,1610612737.0,201143.0,28.359,25.08438,0.0,21.79
994,1610612737.0,201952.0,33.2164,24.31127,0.0,21.79
995,1610612737.0,203145.0,28.69746,34.26118,0.0,21.79
996,1610612765.0,101141.0,52.28303,30.23687,0.0,21.79
997,1610612765.0,202704.0,70.03448,18.47823,0.0,21.79
998,1610612765.0,202694.0,33.95726,33.70552,0.0,21.79
999,1610612765.0,203484.0,38.27865,22.64167,0.0,21.79
1000,1610612765.0,203083.0,35.16894,24.07515,0.0,21.79
1001,-1.0,-1.0,69.36036,19.29973,3.09415,21.75
1002,1610612737.0,2594.0,30.75257,18.79928,0.0,21.75
1003,1610612737.0,200794.0,50.92064,24.467,0.0,21.75
1004,1610612737.0,201143.0,28.0106,24.93133,0.0,21.75
1005,1610612737.0,201952.0,33.29399,24.37673,0.0,21.75
1006,1610612737.0,203145.0,28.36245,34.15885,0.0,21.75
1007,1610612765.0,101141.0,52.01502,30.17935,0.0,21.75
1008,1610612765.0,202704.0,69.68422,18.5058,0.0,21.75
1009,1610612765.0,202694.0,33.51484,33.41853,0.0,21.75
1010,1610612765.0,203484.0,37.96834,23.06984,0.0,21.75
1011,1610612765.0,203083.0,35.04075,24.23392,0.0,21.75
1012,-1.0,-1.0,68.88334,19.40994,3.02835,21.71
1013,1610612737.0,2594.0,30.46802,19.02858,0.0,21.71
1014,1610612737.0,200794.0,50.53243,24.39689,0.0,21.71
1015,1610612737.0,201143.0,27.65869,24.76653,0.0,21.71
1016,1610612737.0,201952.0,33.35955,24.44978,0.0,21.71
1017,1610612737.0,203145.0,28.03246,34.04436,0.0,21.71
1018,1610612765.0,101141.0,51.73885,30.11981,0.0,21.71
1019,1610612765.0,202704.0,69.31176,18.54263,0.0,21.71
1020,1610612765.0,202694.0,33.08771,33.13973,0.0,21.71
1021,1610612765.0,203484.0,37.66227,23.50596,0.0,21.71
1022,1610612765.0,203083.0,34.91538,24.38987,0.0,21.71
1023,-1.0,-1.0,68.34631,19.58048,2.8449999999999998,21.68
1024,1610612737.0,2594.0,30.15073,19.30932,0.0,21.68
1025,1610612737.0,200794.0,50.1444,24.33386,0.0,21.68
1026,1610612737.0,201143.0,27.30034,24.62399,0.0,21.68
1027,1610612737.0,201952.0,33.41422,24.50771,0.0,21.68
1028,1610612737.0,203145.0,27.70604,33.92152,0.0,21.68
1029,1610612765.0,101141.0,51.44818,30.05783,0.0,21.68
1030,1610612765.0,202704.0,68.92022,18.58493,0.0,21.68
1031,1610612765.0,202694.0,32.65588,32.85297,0.0,21.68
1032,1610612765.0,203484.0,37.3545,23.9401,0.0,21.68
1033,1610612765.0,203083.0,34.76768,24.48766,0.0,21.68
1034,-1.0,-1.0,67.90577,19.68306,2.46679,21.64
1035,1610612737.0,2594.0,29.87794,19.61586,0.0,21.64
1036,1610612737.0,200794.0,49.75646,24.28379,0.0,21.64
1037,1610612737.0,201143.0,26.92148,24.52531,0.0,21.64
1038,1610612737.0,201952.0,33.44427,24.56432,0.0,21.64
1039,1610612737.0,203145.0,27.39276,33.80006,0.0,21.64
1040,1610612765.0,101141.0,51.14215,29.99623,0.0,21.64
1041,1610612765.0,202704.0,68.52088,18.63363,0.0,21.64
1042,1610612765.0,202694.0,32.22864,32.55196,0.0,21.64
1043,1610612765.0,203484.0,37.04289,24.36959,0.0,21.64
1044,1610612765.0,203083.0,34.60695,24.57928,0.0,21.64
1045,-1.0,-1.0,67.40044,19.81365,1.87663,21.6
1046,1610612737.0,2594.0,29.66525,19.96212,0.0,21.6
1047,1610612737.0,200794.0,49.36693,24.2247,0.0,21.6
1048,1610612737.0,201143.0,26.56552,24.46817,0.0,21.6
1049,1610612737.0,201952.0,33.50027,24.69048,0.0,21.6
1050,1610612737.0,203145.0,27.07352,33.66522,0.0,21.6
1051,1610612765.0,101141.0,50.825450000000004,29.93248,0.0,21.6
1052,1610612765.0,202704.0,68.11772,18.68464,0.0,21.6
1053,1610612765.0,202694.0,31.80201,32.2427,0.0,21.6
1054,1610612765.0,203484.0,36.7398,24.81132,0.0,21.6
1055,1610612765.0,203083.0,34.48644,24.72712,0.0,21.6
1056,-1.0,-1.0,66.95719,19.98401,1.06416,21.56
1057,1610612737.0,2594.0,29.43427,20.30733,0.0,21.56
1058,1610612737.0,200794.0,48.97848,24.17419,0.0,21.56
1059,1610612737.0,201143.0,26.18797,24.36328,0.0,21.56
1060,1610612737.0,201952.0,33.51425,24.78557,0.0,21.56
1061,1610612737.0,203145.0,26.76367,33.51641,0.0,21.56
1062,1610612765.0,101141.0,50.49751,29.8692,0.0,21.56
1063,1610612765.0,202704.0,67.72183,18.74959,0.0,21.56
1064,1610612765.0,202694.0,31.38871,31.9383,0.0,21.56
1065,1610612765.0,203484.0,36.41998,25.22327,0.0,21.56
1066,1610612765.0,203083.0,34.33474,24.82968,0.0,21.56
1067,-1.0,-1.0,66.64147,20.14401,0.29344000000000003,21.52
1068,1610612737.0,2594.0,29.26401,20.70275,0.0,21.52
1069,1610612737.0,200794.0,48.58555,24.12835,0.0,21.52
1070,1610612737.0,201143.0,25.83298,24.32339,0.0,21.52
1071,1610612737.0,201952.0,33.50931,24.86504,0.0,21.52
1072,1610612737.0,203145.0,26.44566,33.35235,0.0,21.52
1073,1610612765.0,101141.0,50.15799,29.8104,0.0,21.52
1074,1610612765.0,202704.0,67.32498,18.81737,0.0,21.52
1075,1610612765.0,202694.0,30.9668,31.62303,0.0,21.52
1076,1610612765.0,203484.0,36.09849,25.6297,0.0,21.52
1077,1610612765.0,203083.0,34.17185,24.92098,0.0,21.52
1078,-1.0,-1.0,66.48241,20.17188,0.71384,21.48
1079,1610612737.0,2594.0,29.0351,21.02228,0.0,21.48
1080,1610612737.0,200794.0,48.17995,24.08027,0.0,21.48
1081,1610612737.0,201143.0,25.49091,24.28865,0.0,21.48
1082,1610612737.0,201952.0,33.50512,24.99291,0.0,21.48
1083,1610612737.0,203145.0,26.12209,33.16278,0.0,21.48
1084,1610612765.0,101141.0,49.8016,29.75607,0.0,21.48
1085,1610612765.0,202704.0,66.92291,18.89161,0.0,21.48
1086,1610612765.0,202694.0,30.56544,31.33446,0.0,21.48
1087,1610612765.0,203484.0,35.76621,26.04216,0.0,21.48
1088,1610612765.0,203083.0,34.02511,25.04733,0.0,21.48
1089,-1.0,-1.0,66.27602,20.28725,1.45606,21.44
1090,1610612737.0,2594.0,28.79565,21.32316,0.0,21.44
1091,1610612737.0,200794.0,47.77631,24.05538,0.0,21.44
1092,1610612737.0,201143.0,25.17331,24.32893,0.0,21.44
1093,1610612737.0,201952.0,33.47277,25.09799,0.0,21.44
1094,1610612737.0,203145.0,25.807290000000002,32.97604,0.0,21.44
1095,1610612765.0,101141.0,49.43772,29.69664,0.0,21.44
1096,1610612765.0,202704.0,66.52401,18.96758,0.0,21.44
1097,1610612765.0,202694.0,30.14948,31.02826,0.0,21.44
1098,1610612765.0,203484.0,35.45127,26.50607,0.0,21.44
1099,1610612765.0,203083.0,33.85173,25.15806,0.0,21.44
1100,-1.0,-1.0,66.19088,20.37273,1.94592,21.4
1101,1610612737.0,2594.0,28.5862,21.64312,0.0,21.4
1102,1610612737.0,200794.0,47.37216,24.03445,0.0,21.4
1103,1610612737.0,201143.0,24.87104,24.38831,0.0,21.4
1104,1610612737.0,201952.0,33.45193,25.15548,0.0,21.4
1105,1610612737.0,203145.0,25.51108,32.80861,0.0,21.4
1106,1610612765.0,101141.0,49.06854,29.63809,0.0,21.4
1107,1610612765.0,202704.0,66.11508,19.05359,0.0,21.4
1108,1610612765.0,202694.0,29.75039,30.73939,0.0,21.4
1109,1610612765.0,203484.0,35.09886,26.92302,0.0,21.4
1110,1610612765.0,203083.0,33.69503,25.29581,0.0,21.4
1111,-1.0,-1.0,66.01261,20.43085,2.29823,21.36
1112,1610612737.0,2594.0,28.43447,22.00489,0.0,21.36
1113,1610612737.0,200794.0,46.95033,24.04033,0.0,21.36
1114,1610612737.0,201143.0,24.56331,24.41702,0.0,21.36
1115,1610612737.0,201952.0,33.40307,25.11709,0.0,21.36
1116,1610612737.0,203145.0,25.18495,32.62304,0.0,21.36
1117,1610612765.0,101141.0,48.68985,29.58211,0.0,21.36
1118,1610612765.0,202704.0,65.69977,19.15132,0.0,21.36
1119,1610612765.0,202694.0,29.32868,30.40703,0.0,21.36
1120,1610612765.0,203484.0,34.72768,27.32228,0.0,21.36
1121,1610612765.0,203083.0,33.50527,25.43572,0.0,21.36
1122,-1.0,-1.0,65.69083,20.47676,2.6600200000000003,21.32
1123,1610612737.0,2594.0,28.29376,22.36607,0.0,21.32
1124,1610612737.0,200794.0,46.54675,24.00085,0.0,21.32
1125,1610612737.0,201143.0,24.29185,24.5029,0.0,21.32
1126,1610612737.0,201952.0,33.34369,25.0202,0.0,21.32
1127,1610612737.0,203145.0,24.86938,32.38676,0.0,21.32
1128,1610612765.0,101141.0,48.29977,29.53183,0.0,21.32
1129,1610612765.0,202704.0,65.28051,19.26021,0.0,21.32
1130,1610612765.0,202694.0,28.97311,30.12944,0.0,21.32
1131,1610612765.0,203484.0,34.31801,27.67583,0.0,21.32
1132,1610612765.0,203083.0,33.33357,25.51744,0.0,21.32
1133,-1.0,-1.0,65.25718,20.64363,2.93251,21.28
1134,1610612737.0,2594.0,28.14202,22.68853,0.0,21.28
1135,1610612737.0,200794.0,46.13705,23.97324,0.0,21.28
1136,1610612737.0,201143.0,24.04183,24.63454,0.0,21.28
1137,1610612737.0,201952.0,33.20565,24.91509,0.0,21.28
1138,1610612737.0,203145.0,24.56857,32.15345,0.0,21.28
1139,1610612765.0,101141.0,47.90375,29.477,0.0,21.28
1140,1610612765.0,202704.0,64.85283,19.38583,0.0,21.28
1141,1610612765.0,202694.0,28.57259,29.81748,0.0,21.28
1142,1610612765.0,203484.0,33.94879,28.06062,0.0,21.28
1143,1610612765.0,203083.0,33.19776,25.60114,0.0,21.28
1144,-1.0,-1.0,64.83039,20.70067,3.19247,21.24
1145,1610612737.0,2594.0,28.00018,23.07225,0.0,21.24
1146,1610612737.0,200794.0,45.71838,23.95395,0.0,21.24
1147,1610612737.0,201143.0,23.81431,24.77727,0.0,21.24
1148,1610612737.0,201952.0,33.05493,24.80145,0.0,21.24
1149,1610612737.0,203145.0,24.27295,31.92254,0.0,21.24
1150,1610612765.0,101141.0,47.49301,29.42208,0.0,21.24
1151,1610612765.0,202704.0,64.41445,19.51801,0.0,21.24
1152,1610612765.0,202694.0,28.16088,29.4647,0.0,21.24
1153,1610612765.0,203484.0,33.58042,28.46762,0.0,21.24
1154,1610612765.0,203083.0,33.05826,25.66761,0.0,21.24
1155,-1.0,-1.0,64.38965,20.82601,3.35164,21.2
1156,1610612737.0,2594.0,27.86977,23.48544,0.0,21.2
1157,1610612737.0,200794.0,45.29411,23.95513,0.0,21.2
1158,1610612737.0,201143.0,23.57843,24.93895,0.0,21.2
1159,1610612737.0,201952.0,32.83538,24.70535,0.0,21.2
1160,1610612737.0,203145.0,23.9662,31.69828,0.0,21.2
1161,1610612765.0,101141.0,47.07667,29.36473,0.0,21.2
1162,1610612765.0,202704.0,63.97463,19.65534,0.0,21.2
1163,1610612765.0,202694.0,27.73189,29.14665,0.0,21.2
1164,1610612765.0,203484.0,33.19425,28.83036,0.0,21.2
1165,1610612765.0,203083.0,32.84215,25.74504,0.0,21.2
1166,-1.0,-1.0,64.01697,21.06072,3.68175,21.16
1167,1610612737.0,2594.0,27.71358,23.84881,0.0,21.16
1168,1610612737.0,200794.0,44.87149,23.95834,0.0,21.16
1169,1610612737.0,201143.0,23.43859,25.07047,0.0,21.16
1170,1610612737.0,201952.0,32.66636,24.60717,0.0,21.16
1171,1610612737.0,203145.0,23.68155,31.46146,0.0,21.16
1172,1610612765.0,101141.0,46.65766,29.30282,0.0,21.16
1173,1610612765.0,202704.0,63.52547,19.79159,0.0,21.16
1174,1610612765.0,202694.0,27.32592,28.84703,0.0,21.16
1175,1610612765.0,203484.0,32.81172,29.22117,0.0,21.16
1176,1610612765.0,203083.0,32.68055,25.81914,0.0,21.16
1177,-1.0,-1.0,63.38681,20.97919,3.65736,21.12
1178,1610612737.0,2594.0,27.57795,24.26045,0.0,21.12
1179,1610612737.0,200794.0,44.44643,23.97225,0.0,21.12
1180,1610612737.0,201143.0,23.37057,25.24176,0.0,21.12
1181,1610612737.0,201952.0,32.51186,24.49458,0.0,21.12
1182,1610612737.0,203145.0,23.38553,31.22595,0.0,21.12
1183,1610612765.0,101141.0,46.23726,29.24262,0.0,21.12
1184,1610612765.0,202704.0,63.08006,19.92147,0.0,21.12
1185,1610612765.0,202694.0,26.91647,28.52649,0.0,21.12
1186,1610612765.0,203484.0,32.42045,29.6136,0.0,21.12
1187,1610612765.0,203083.0,32.52197,25.91887,0.0,21.12
1188,-1.0,-1.0,62.95803,21.19373,3.64419,21.08
1189,1610612737.0,2594.0,27.48205,24.64666,0.0,21.08
1190,1610612737.0,200794.0,44.0191,23.98088,0.0,21.08
1191,1610612737.0,201143.0,23.25669,25.42246,0.0,21.08
1192,1610612737.0,201952.0,32.35822,24.3907,0.0,21.08
1193,1610612737.0,203145.0,23.09086,30.9797,0.0,21.08
1194,1610612765.0,101141.0,45.80686,29.18654,0.0,21.08
1195,1610612765.0,202704.0,62.63495,20.04954,0.0,21.08
1196,1610612765.0,202694.0,26.5069,28.15081,0.0,21.08
1197,1610612765.0,203484.0,32.02613,30.0087,0.0,21.08
1198,1610612765.0,203083.0,32.36468,25.99844,0.0,21.08
1199,-1.0,-1.0,62.31395,21.30316,3.8373600000000003,21.04
1200,1610612737.0,2594.0,27.34821,25.06604,0.0,21.04
1201,1610612737.0,200794.0,43.58809,23.98487,0.0,21.04
1202,1610612737.0,201143.0,23.10452,25.56699,0.0,21.04
1203,1610612737.0,201952.0,32.22828,24.28526,0.0,21.04
1204,1610612737.0,203145.0,22.76429,30.7175,0.0,21.04
1205,1610612765.0,101141.0,45.36982,29.1256,0.0,21.04
1206,1610612765.0,202704.0,62.18662,20.17586,0.0,21.04
1207,1610612765.0,202694.0,26.08716,27.725740000000002,0.0,21.04
1208,1610612765.0,203484.0,31.6309,30.4036,0.0,21.04
1209,1610612765.0,203083.0,32.22239,26.08367,0.0,21.04
1210,-1.0,-1.0,61.63653,21.4863,3.91689,21.0
1211,1610612737.0,2594.0,27.17051,25.4558,0.0,21.0
1212,1610612737.0,200794.0,43.15793,23.98831,0.0,21.0
1213,1610612737.0,201143.0,22.92177,25.68779,0.0,21.0
1214,1610612737.0,201952.0,32.07176,24.11774,0.0,21.0
1215,1610612737.0,203145.0,22.44275,30.46069,0.0,21.0
1216,1610612765.0,101141.0,44.92593,29.06517,0.0,21.0
1217,1610612765.0,202704.0,61.73797,20.30606,0.0,21.0
1218,1610612765.0,202694.0,25.68103,27.32674,0.0,21.0
1219,1610612765.0,203484.0,31.22252,30.7874,0.0,21.0
1220,1610612765.0,203083.0,32.04075,26.10715,0.0,21.0
1221,-1.0,-1.0,60.97304,21.61205,3.9366000000000003,20.96
1222,1610612737.0,2594.0,27.04091,25.81933,0.0,20.96
1223,1610612737.0,200794.0,42.72633,23.98896,0.0,20.96
1224,1610612737.0,201143.0,22.71881,25.87308,0.0,20.96
1225,1610612737.0,201952.0,31.97843,23.98362,0.0,20.96
1226,1610612737.0,203145.0,22.11697,30.21276,0.0,20.96
1227,1610612765.0,101141.0,44.47267,29.00706,0.0,20.96
1228,1610612765.0,202704.0,61.28619,20.43791,0.0,20.96
1229,1610612765.0,202694.0,25.29208,26.93933,0.0,20.96
1230,1610612765.0,203484.0,30.82004,31.19578,0.0,20.96
1231,1610612765.0,203083.0,31.89507,26.19946,0.0,20.96
1232,-1.0,-1.0,60.24795,21.79511,3.84173,20.92
1233,1610612737.0,2594.0,26.83816,26.18258,0.0,20.92
1234,1610612737.0,200794.0,42.29495,23.98834,0.0,20.92
1235,1610612737.0,201143.0,22.51467,25.9871,0.0,20.92
1236,1610612737.0,201952.0,31.89632,23.84032,0.0,20.92
1237,1610612737.0,203145.0,21.7905,29.968140000000002,0.0,20.92
1238,1610612765.0,101141.0,44.01381,28.94749,0.0,20.92
1239,1610612765.0,202704.0,60.82379,20.56646,0.0,20.92
1240,1610612765.0,202694.0,24.91441,26.56499,0.0,20.92
1241,1610612765.0,203484.0,30.41015,31.56256,0.0,20.92
1242,1610612765.0,203083.0,31.74129,26.26232,0.0,20.92
1243,-1.0,-1.0,59.48083,21.87226,3.4758,20.88
1244,1610612737.0,2594.0,26.67942,26.58239,0.0,20.88
1245,1610612737.0,200794.0,41.85627,23.98716,0.0,20.88
1246,1610612737.0,201143.0,22.35203,26.10338,0.0,20.88
1247,1610612737.0,201952.0,31.81688,23.65029,0.0,20.88
1248,1610612737.0,203145.0,21.47868,29.70967,0.0,20.88
1249,1610612765.0,101141.0,43.55471,28.88901,0.0,20.88
1250,1610612765.0,202704.0,60.36299,20.6858,0.0,20.88
1251,1610612765.0,202694.0,24.50243,26.16512,0.0,20.88
1252,1610612765.0,203484.0,29.99782,31.94695,0.0,20.88
1253,1610612765.0,203083.0,31.5995,26.33293,0.0,20.88
1254,-1.0,-1.0,58.68303,21.9889,2.88512,20.84
1255,1610612737.0,2594.0,26.53921,27.01689,0.0,20.84
1256,1610612737.0,200794.0,41.43022,23.99537,0.0,20.84
1257,1610612737.0,201143.0,22.25832,26.2056,0.0,20.84
1258,1610612737.0,201952.0,31.75426,23.46486,0.0,20.84
1259,1610612737.0,203145.0,21.21569,29.42801,0.0,20.84
1260,1610612765.0,101141.0,43.09606,28.83558,0.0,20.84
1261,1610612765.0,202704.0,59.90007,20.79876,0.0,20.84
1262,1610612765.0,202694.0,24.11706,25.78337,0.0,20.84
1263,1610612765.0,203484.0,29.58094,32.35448,0.0,20.84
1264,1610612765.0,203083.0,31.46071,26.40501,0.0,20.84
1265,-1.0,-1.0,57.96745,21.96059,2.28562,20.8
1266,1610612737.0,2594.0,26.39369,27.45953,0.0,20.8
1267,1610612737.0,200794.0,40.9637,23.94596,0.0,20.8
1268,1610612737.0,201143.0,22.1017,26.26088,0.0,20.8
1269,1610612737.0,201952.0,31.7017,23.36922,0.0,20.8
1270,1610612737.0,203145.0,20.87668,29.12125,0.0,20.8
1271,1610612765.0,101141.0,42.62292,28.78474,0.0,20.8
1272,1610612765.0,202704.0,59.44513,20.90803,0.0,20.8
1273,1610612765.0,202694.0,23.72032,25.38238,0.0,20.8
1274,1610612765.0,203484.0,29.15837,32.74752,0.0,20.8
1275,1610612765.0,203083.0,31.32519,26.41839,0.0,20.8
1276,-1.0,-1.0,57.21926,22.03619,1.59661,20.76
1277,1610612737.0,2594.0,26.18593,27.8508,0.0,20.76
1278,1610612737.0,200794.0,40.50565,23.90396,0.0,20.76
1279,1610612737.0,201143.0,21.97008,26.33463,0.0,20.76
1280,1610612737.0,201952.0,31.65796,23.31958,0.0,20.76
1281,1610612737.0,203145.0,20.5421,28.79162,0.0,20.76
1282,1610612765.0,101141.0,42.14434,28.72682,0.0,20.76
1283,1610612765.0,202704.0,58.98857,21.01528,0.0,20.76
1284,1610612765.0,202694.0,23.36291,25.00817,0.0,20.76
1285,1610612765.0,203484.0,28.74929,33.10064,0.0,20.76
1286,1610612765.0,203083.0,31.18283,26.4521,0.0,20.76
1287,-1.0,-1.0,56.46481,22.03176,0.8780100000000001,20.72
1288,1610612737.0,2594.0,25.97582,28.24368,0.0,20.72
1289,1610612737.0,200794.0,40.05786,23.9371,0.0,20.72
1290,1610612737.0,201143.0,21.82165,26.42174,0.0,20.72
1291,1610612737.0,201952.0,31.63759,23.33682,0.0,20.72
1292,1610612737.0,203145.0,20.22233,28.53476,0.0,20.72
1293,1610612765.0,101141.0,41.65999,28.66757,0.0,20.72
1294,1610612765.0,202704.0,58.51577,21.11667,0.0,20.72
1295,1610612765.0,202694.0,22.94281,24.58245,0.0,20.72
1296,1610612765.0,203484.0,28.35975,33.48978,0.0,20.72
1297,1610612765.0,203083.0,31.02037,26.5462,0.0,20.72
1298,-1.0,-1.0,55.94086,22.13493,0.48704000000000003,20.68
1299,1610612737.0,2594.0,25.7687,28.66518,0.0,20.68
1300,1610612737.0,200794.0,39.60986,24.01758,0.0,20.68
1301,1610612737.0,201143.0,21.68606,26.48446,0.0,20.68
1302,1610612737.0,201952.0,31.622,23.33492,0.0,20.68
1303,1610612737.0,203145.0,19.89251,28.29641,0.0,20.68
1304,1610612765.0,101141.0,41.17851,28.60442,0.0,20.68
1305,1610612765.0,202704.0,58.04354,21.21666,0.0,20.68
1306,1610612765.0,202694.0,22.5782,24.161270000000002,0.0,20.68
1307,1610612765.0,203484.0,27.93635,33.82524,0.0,20.68
1308,1610612765.0,203083.0,30.85878,26.61267,0.0,20.68
1309,-1.0,-1.0,55.46964,22.04937,1.16376,20.64
1310,1610612737.0,2594.0,25.50932,29.03706,0.0,20.64
1311,1610612737.0,200794.0,39.17003,24.0409,0.0,20.64
1312,1610612737.0,201143.0,21.52638,26.50441,0.0,20.64
1313,1610612737.0,201952.0,31.59377,23.3248,0.0,20.64
1314,1610612737.0,203145.0,19.60325,28.02068,0.0,20.64
1315,1610612765.0,101141.0,40.69998,28.54723,0.0,20.64
1316,1610612765.0,202704.0,57.58075,21.31283,0.0,20.64
1317,1610612765.0,202694.0,22.22355,23.76047,0.0,20.64
1318,1610612765.0,203484.0,27.49684,34.18557,0.0,20.64
1319,1610612765.0,203083.0,30.68387,26.70192,0.0,20.64
1320,-1.0,-1.0,55.14074,22.25386,1.84729,20.6
1321,1610612737.0,2594.0,25.22514,29.40024,0.0,20.6
1322,1610612737.0,200794.0,38.72433,24.10418,0.0,20.6
1323,1610612737.0,201143.0,21.37587,26.51976,0.0,20.6
1324,1610612737.0,201952.0,31.5681,23.31418,0.0,20.6
1325,1610612737.0,203145.0,19.31774,27.74887,0.0,20.6
1326,1610612765.0,101141.0,40.22296,28.49093,0.0,20.6
1327,1610612765.0,202704.0,57.13137,21.40585,0.0,20.6
1328,1610612765.0,202694.0,21.88102,23.30936,0.0,20.6
1329,1610612765.0,203484.0,27.06089,34.54217,0.0,20.6
1330,1610612765.0,203083.0,30.50838,26.80919,0.0,20.6
1331,-1.0,-1.0,54.81253,22.05684,2.18159,20.56
1332,1610612737.0,2594.0,24.96274,29.77812,0.0,20.56
1333,1610612737.0,200794.0,38.3015,24.16726,0.0,20.56
1334,1610612737.0,201143.0,21.13845,26.52267,0.0,20.56
1335,1610612737.0,201952.0,31.56204,23.30451,0.0,20.56
1336,1610612737.0,203145.0,19.00844,27.48589,0.0,20.56
1337,1610612765.0,101141.0,39.74909,28.4323,0.0,20.56
1338,1610612765.0,202704.0,56.68299,21.50725,0.0,20.56
1339,1610612765.0,202694.0,21.52684,22.83199,0.0,20.56
1340,1610612765.0,203484.0,26.62679,34.90055,0.0,20.56
1341,1610612765.0,203083.0,30.33297,26.90047,0.0,20.56
1342,-1.0,-1.0,54.52903,22.13307,2.58916,20.52
1343,1610612737.0,2594.0,24.65585,30.12936,0.0,20.52
1344,1610612737.0,200794.0,37.86657,24.17075,0.0,20.52
1345,1610612737.0,201143.0,20.85486,26.52242,0.0,20.52
1346,1610612737.0,201952.0,31.57432,23.30432,0.0,20.52
1347,1610612737.0,203145.0,18.71725,27.1978,0.0,20.52
1348,1610612765.0,101141.0,39.27227,28.36891,0.0,20.52
1349,1610612765.0,202704.0,56.22614,21.61335,0.0,20.52
1350,1610612765.0,202694.0,21.16261,22.35168,0.0,20.52
1351,1610612765.0,203484.0,26.18074,35.2443,0.0,20.52
1352,1610612765.0,203083.0,30.12903,26.88782,0.0,20.52
1353,-1.0,-1.0,54.0529,22.14849,3.24356,20.48
1354,1610612737.0,2594.0,24.3481,30.46966,0.0,20.48
1355,1610612737.0,200794.0,37.43687,24.17512,0.0,20.48
1356,1610612737.0,201143.0,20.62289,26.53564,0.0,20.48
1357,1610612737.0,201952.0,31.57807,23.27961,0.0,20.48
1358,1610612737.0,203145.0,18.42891,26.92366,0.0,20.48
1359,1610612765.0,101141.0,38.76979,28.25266,0.0,20.48
1360,1610612765.0,202704.0,55.77514,21.71919,0.0,20.48
1361,1610612765.0,202694.0,20.80242,21.93326,0.0,20.48
1362,1610612765.0,203484.0,25.73375,35.5886,0.0,20.48
1363,1610612765.0,203083.0,29.92223,26.89371,0.0,20.48
1364,-1.0,-1.0,53.73763,21.9134,3.4688,20.44
1365,1610612737.0,2594.0,24.02888,30.75129,0.0,20.44
1366,1610612737.0,200794.0,37.01622,24.21296,0.0,20.44
1367,1610612737.0,201143.0,20.46567,26.60114,0.0,20.44
1368,1610612737.0,201952.0,31.65506,23.25899,0.0,20.44
1369,1610612737.0,203145.0,18.16402,26.64087,0.0,20.44
1370,1610612765.0,101141.0,38.29059,28.17381,0.0,20.44
1371,1610612765.0,202704.0,55.331,21.82599,0.0,20.44
1372,1610612765.0,202694.0,20.44783,21.55121,0.0,20.44
1373,1610612765.0,203484.0,25.28455,35.94398,0.0,20.44
1374,1610612765.0,203083.0,29.69756,26.83403,0.0,20.44
1375,-1.0,-1.0,53.45454,21.98235,3.93224,20.4
1376,1610612737.0,2594.0,23.70438,31.06317,0.0,20.4
1377,1610612737.0,200794.0,36.59453,24.24591,0.0,20.4
1378,1610612737.0,201143.0,20.33969,26.67321,0.0,20.4
1379,1610612737.0,201952.0,31.713070000000002,23.20641,0.0,20.4
1380,1610612737.0,203145.0,17.89651,26.34642,0.0,20.4
1381,1610612765.0,101141.0,37.81835,28.0926,0.0,20.4
1382,1610612765.0,202704.0,54.88534,21.92876,0.0,20.4
1383,1610612765.0,202694.0,20.08097,21.12963,0.0,20.4
1384,1610612765.0,203484.0,24.83856,36.27036,0.0,20.4
1385,1610612765.0,203083.0,29.4839,26.77296,0.0,20.4
1386,-1.0,-1.0,53.07838,21.76723,4.08876,20.36
1387,1610612737.0,2594.0,23.35219,31.39788,0.0,20.36
1388,1610612737.0,200794.0,36.17441,24.28713,0.0,20.36
1389,1610612737.0,201143.0,20.26842,26.68936,0.0,20.36
1390,1610612737.0,201952.0,31.72011,23.16434,0.0,20.36
1391,1610612737.0,203145.0,17.63256,26.03572,0.0,20.36
1392,1610612765.0,101141.0,37.35247,28.0044,0.0,20.36
1393,1610612765.0,202704.0,54.4378,22.02292,0.0,20.36
1394,1610612765.0,202694.0,19.69557,20.70446,0.0,20.36
1395,1610612765.0,203484.0,24.392220000000002,36.58588,0.0,20.36
1396,1610612765.0,203083.0,29.26871,26.68574,0.0,20.36
1397,-1.0,-1.0,52.71479,21.74916,4.21559,20.32
1398,1610612737.0,2594.0,23.02031,31.67749,0.0,20.32
1399,1610612737.0,200794.0,35.74921,24.32691,0.0,20.32
1400,1610612737.0,201143.0,20.18457,26.722,0.0,20.32
1401,1610612737.0,201952.0,31.73811,23.12542,0.0,20.32
1402,1610612737.0,203145.0,17.37607,25.71899,0.0,20.32
1403,1610612765.0,101141.0,36.89455,27.92176,0.0,20.32
1404,1610612765.0,202704.0,53.99035,22.11719,0.0,20.32
1405,1610612765.0,202694.0,19.30483,20.27175,0.0,20.32
1406,1610612765.0,203484.0,23.95171,36.94508,0.0,20.32
1407,1610612765.0,203083.0,29.07568,26.63948,0.0,20.32
1408,-1.0,-1.0,52.32561,21.85995,4.4165,20.28
1409,1610612737.0,2594.0,22.68052,31.94101,0.0,20.28
1410,1610612737.0,200794.0,35.33747,24.37803,0.0,20.28
1411,1610612737.0,201143.0,20.07056,26.76277,0.0,20.28
1412,1610612737.0,201952.0,31.73167,23.10334,0.0,20.28
1413,1610612737.0,203145.0,17.11708,25.42217,0.0,20.28
1414,1610612765.0,101141.0,36.4532,27.83732,0.0,20.28
1415,1610612765.0,202704.0,53.54599,22.21222,0.0,20.28
1416,1610612765.0,202694.0,18.9333,19.82584,0.0,20.28
1417,1610612765.0,203484.0,23.49306,37.30492,0.0,20.28
1418,1610612765.0,203083.0,28.86809,26.55111,0.0,20.28
1419,-1.0,-1.0,52.01751,21.778480000000002,4.5101700000000005,20.24
1420,1610612737.0,2594.0,22.33801,32.19575,0.0,20.24
1421,1610612737.0,200794.0,34.88769,24.35904,0.0,20.24
1422,1610612737.0,201143.0,19.88218,26.75792,0.0,20.24
1423,1610612737.0,201952.0,31.7442,23.14661,0.0,20.24
1424,1610612737.0,203145.0,16.80773,25.13461,0.0,20.24
1425,1610612765.0,101141.0,36.01608,27.76907,0.0,20.24
1426,1610612765.0,202704.0,53.09933,22.31443,0.0,20.24
1427,1610612765.0,202694.0,18.56475,19.37557,0.0,20.24
1428,1610612765.0,203484.0,23.04658,37.61168,0.0,20.24
1429,1610612765.0,203083.0,28.67324,26.47771,0.0,20.24
1430,-1.0,-1.0,51.62809,21.71481,4.5497,20.2
1431,1610612737.0,2594.0,21.98451,32.43446,0.0,20.2
1432,1610612737.0,200794.0,34.48869,24.38432,0.0,20.2
1433,1610612737.0,201143.0,19.75967,26.79492,0.0,20.2
1434,1610612737.0,201952.0,31.73793,23.17598,0.0,20.2
1435,1610612737.0,203145.0,16.56401,24.85028,0.0,20.2
1436,1610612765.0,101141.0,35.59567,27.66789,0.0,20.2
1437,1610612765.0,202704.0,52.65365,22.41365,0.0,20.2
1438,1610612765.0,202694.0,18.18587,18.8961,0.0,20.2
1439,1610612765.0,203484.0,22.60912,37.92921,0.0,20.2
1440,1610612765.0,203083.0,28.4773,26.46588,0.0,20.2
1441,-1.0,-1.0,51.3626,21.73286,4.49049,20.16
1442,1610612737.0,2594.0,21.62762,32.6617,0.0,20.16
1443,1610612737.0,200794.0,34.10473,24.41076,0.0,20.16
1444,1610612737.0,201143.0,19.65283,26.8983,0.0,20.16
1445,1610612737.0,201952.0,31.75633,23.23256,0.0,20.16
1446,1610612737.0,203145.0,16.35486,24.59076,0.0,20.16
1447,1610612765.0,101141.0,35.15004,27.56998,0.0,20.16
1448,1610612765.0,202704.0,52.21126,22.51518,0.0,20.16
1449,1610612765.0,202694.0,17.80137,18.4392,0.0,20.16
1450,1610612765.0,203484.0,22.16071,38.30743,0.0,20.16
1451,1610612765.0,203083.0,28.28097,26.45056,0.0,20.16
1452,-1.0,-1.0,50.9578,21.89622,4.3774,20.12
1453,1610612737.0,2594.0,21.26386,32.89887,0.0,20.12
1454,1610612737.0,200794.0,33.69942,24.43767,0.0,20.12
1455,1610612737.0,201143.0,19.55071,26.935670000000002,0.0,20.12
1456,1610612737.0,201952.0,31.76009,23.20611,0.0,20.12
1457,1610612737.0,203145.0,16.12728,24.29653,0.0,20.12
1458,1610612765.0,101141.0,34.72238,27.49271,0.0,20.12
1459,1610612765.0,202704.0,51.78415,22.61852,0.0,20.12
1460,1610612765.0,202694.0,17.42667,17.99105,0.0,20.12
1461,1610612765.0,203484.0,21.72222,38.65955,0.0,20.12
1462,1610612765.0,203083.0,28.08461,26.42898,0.0,20.12
1463,-1.0,-1.0,50.63687,21.99115,4.38966,20.08
1464,1610612737.0,2594.0,20.89135,33.13039,0.0,20.08
1465,1610612737.0,200794.0,33.33073,24.36923,0.0,20.08
1466,1610612737.0,201143.0,19.43133,26.95485,0.0,20.08
1467,1610612737.0,201952.0,31.7512,23.26069,0.0,20.08
1468,1610612737.0,203145.0,15.90254,23.97164,0.0,20.08
1469,1610612765.0,101141.0,34.28896,27.41111,0.0,20.08
1470,1610612765.0,202704.0,51.37076,22.71681,0.0,20.08
1471,1610612765.0,202694.0,17.04985,17.55952,0.0,20.08
1472,1610612765.0,203484.0,21.28771,38.95384,0.0,20.08
1473,1610612765.0,203083.0,27.91713,26.37927,0.0,20.08
1474,-1.0,-1.0,50.22286,22.01535,4.3148800000000005,20.04
1475,1610612737.0,2594.0,20.52864,33.36244,0.0,20.04
1476,1610612737.0,200794.0,32.936280000000004,24.41384,0.0,20.04
1477,1610612737.0,201143.0,19.33203,27.0045,0.0,20.04
1478,1610612737.0,201952.0,31.77905,23.25367,0.0,20.04
1479,1610612737.0,203145.0,15.65358,23.67154,0.0,20.04
1480,1610612765.0,101141.0,33.88157,27.35222,0.0,20.04
1481,1610612765.0,202704.0,50.97229,22.82836,0.0,20.04
1482,1610612765.0,202694.0,16.6752,17.13467,0.0,20.04
1483,1610612765.0,203484.0,20.86415,39.24162,0.0,20.04
1484,1610612765.0,203083.0,27.72565,26.36546,0.0,20.04
1485,-1.0,-1.0,49.81496,22.06637,4.18625,20.0
1486,1610612737.0,2594.0,20.16817,33.57189,0.0,20.0
1487,1610612737.0,200794.0,32.55611,24.40474,0.0,20.0
1488,1610612737.0,201143.0,19.25576,27.11975,0.0,20.0
1489,1610612737.0,201952.0,31.80284,23.24709,0.0,20.0
1490,1610612737.0,203145.0,15.42727,23.35567,0.0,20.0
1491,1610612765.0,101141.0,33.48607,27.29327,0.0,20.0
1492,1610612765.0,202704.0,50.56879,22.94498,0.0,20.0
1493,1610612765.0,202694.0,16.30411,16.71192,0.0,20.0
1494,1610612765.0,203484.0,20.4151,39.53759,0.0,20.0
1495,1610612765.0,203083.0,27.53216,26.3912,0.0,20.0
1496,-1.0,-1.0,49.34189,22.23278,4.15026,19.96
1497,1610612737.0,2594.0,19.81605,33.77882,0.0,19.96
1498,1610612737.0,200794.0,32.16154,24.40803,0.0,19.96
1499,1610612737.0,201143.0,19.17701,27.23717,0.0,19.96
1500,1610612737.0,201952.0,31.82367,23.23566,0.0,19.96
1501,1610612737.0,203145.0,15.20727,23.01923,0.0,19.96
1502,1610612765.0,101141.0,33.10132,27.24989,0.0,19.96
1503,1610612765.0,202704.0,50.1731,23.05329,0.0,19.96
1504,1610612765.0,202694.0,15.93819,16.31644,0.0,19.96
1505,1610612765.0,203484.0,19.97274,39.8298,0.0,19.96
1506,1610612765.0,203083.0,27.33787,26.38871,0.0,19.96
1507,-1.0,-1.0,48.86916,22.41855,4.06865,19.92
1508,1610612737.0,2594.0,19.463260000000002,33.9776,0.0,19.92
1509,1610612737.0,200794.0,31.79309,24.46487,0.0,19.92
1510,1610612737.0,201143.0,19.10366,27.31557,0.0,19.92
1511,1610612737.0,201952.0,31.82202,23.22778,0.0,19.92
1512,1610612737.0,203145.0,14.9861,22.69275,0.0,19.92
1513,1610612765.0,101141.0,32.7372,27.19544,0.0,19.92
1514,1610612765.0,202704.0,49.78253,23.16158,0.0,19.92
1515,1610612765.0,202694.0,15.57728,15.91745,0.0,19.92
1516,1610612765.0,203484.0,19.5502,40.12321,0.0,19.92
1517,1610612765.0,203083.0,27.171030000000002,26.45429,0.0,19.92
1518,-1.0,-1.0,48.43738,22.63947,4.04152,19.88
1519,1610612737.0,2594.0,19.10999,34.17577,0.0,19.88
1520,1610612737.0,200794.0,31.41706,24.52252,0.0,19.88
1521,1610612737.0,201143.0,19.02737,27.3991,0.0,19.88
1522,1610612737.0,201952.0,31.84751,23.2385,0.0,19.88
1523,1610612737.0,203145.0,14.76623,22.3615,0.0,19.88
1524,1610612765.0,101141.0,32.37897,27.15252,0.0,19.88
1525,1610612765.0,202704.0,49.3986,23.27759,0.0,19.88
1526,1610612765.0,202694.0,15.21596,15.49503,0.0,19.88
1527,1610612765.0,203484.0,19.12842,40.43749,0.0,19.88
1528,1610612765.0,203083.0,27.00954,26.51521,0.0,19.88
1529,-1.0,-1.0,47.94889,22.69258,3.8344,19.84
1530,1610612737.0,2594.0,18.75631,34.36769,0.0,19.84
1531,1610612737.0,200794.0,31.02891,24.54128,0.0,19.84
1532,1610612737.0,201143.0,18.94891,27.45244,0.0,19.84
1533,1610612737.0,201952.0,31.79395,23.24237,0.0,19.84
1534,1610612737.0,203145.0,14.5541,22.04215,0.0,19.84
1535,1610612765.0,101141.0,31.98377,27.04368,0.0,19.84
1536,1610612765.0,202704.0,49.01583,23.38483,0.0,19.84
1537,1610612765.0,202694.0,14.861,15.08347,0.0,19.84
1538,1610612765.0,203484.0,18.70124,40.73531,0.0,19.84
1539,1610612765.0,203083.0,26.867,26.64602,0.0,19.84
1540,-1.0,-1.0,47.48328,22.85204,3.54535,19.8
1541,1610612737.0,2594.0,18.40557,34.55474,0.0,19.8
1542,1610612737.0,200794.0,30.64582,24.56723,0.0,19.8
1543,1610612737.0,201143.0,18.87019,27.50125,0.0,19.8
1544,1610612737.0,201952.0,31.76756,23.28183,0.0,19.8
1545,1610612737.0,203145.0,14.34923,21.7248,0.0,19.8
1546,1610612765.0,101141.0,31.60468,26.94302,0.0,19.8
1547,1610612765.0,202704.0,48.63831,23.49353,0.0,19.8
1548,1610612765.0,202694.0,14.51228,14.68274,0.0,19.8
1549,1610612765.0,203484.0,18.26853,41.04523,0.0,19.8
1550,1610612765.0,203083.0,26.71546,26.7803,0.0,19.8
1551,-1.0,-1.0,46.96407,23.15002,3.26562,19.76
1552,1610612737.0,2594.0,18.05029,34.72721,0.0,19.76
1553,1610612737.0,200794.0,30.26581,24.59088,0.0,19.76
1554,1610612737.0,201143.0,18.79666,27.55338,0.0,19.76
1555,1610612737.0,201952.0,31.77515,23.31555,0.0,19.76
1556,1610612737.0,203145.0,14.14536,21.4132,0.0,19.76
1557,1610612765.0,101141.0,31.26136,26.85481,0.0,19.76
1558,1610612765.0,202704.0,48.26837,23.60727,0.0,19.76
1559,1610612765.0,202694.0,14.15756,14.2645,0.0,19.76
1560,1610612765.0,203484.0,17.83498,41.35732,0.0,19.76
1561,1610612765.0,203083.0,26.54548,26.92802,0.0,19.76
1562,-1.0,-1.0,46.37986,23.36731,2.70872,19.72
1563,1610612737.0,2594.0,17.69326,34.90102,0.0,19.72
1564,1610612737.0,200794.0,29.89859,24.61577,0.0,19.72
1565,1610612737.0,201143.0,18.73391,27.60668,0.0,19.72
1566,1610612737.0,201952.0,31.77795,23.36961,0.0,19.72
1567,1610612737.0,203145.0,13.95251,21.10398,0.0,19.72
1568,1610612765.0,101141.0,30.9345,26.80367,0.0,19.72
1569,1610612765.0,202704.0,47.90987,23.71938,0.0,19.72
1570,1610612765.0,202694.0,13.80501,13.8527,0.0,19.72
1571,1610612765.0,203484.0,17.39869,41.6558,0.0,19.72
1572,1610612765.0,203083.0,26.38917,27.03885,0.0,19.72
1573,-1.0,-1.0,45.82734,23.77446,2.09181,19.68
1574,1610612737.0,2594.0,17.3308,35.07605,0.0,19.68
1575,1610612737.0,200794.0,29.53814,24.63078,0.0,19.68
1576,1610612737.0,201143.0,18.68646,27.71255,0.0,19.68
1577,1610612737.0,201952.0,31.80666,23.41968,0.0,19.68
1578,1610612737.0,203145.0,13.75656,20.80601,0.0,19.68
1579,1610612765.0,101141.0,30.59259,26.69648,0.0,19.68
1580,1610612765.0,202704.0,47.5586,23.83551,0.0,19.68
1581,1610612765.0,202694.0,13.45237,13.45923,0.0,19.68
1582,1610612765.0,203484.0,16.99349,41.91424,0.0,19.68
1583,1610612765.0,203083.0,26.21134,27.1894,0.0,19.68
1584,-1.0,-1.0,45.29107,24.49481,1.9958300000000002,19.64
1585,1610612737.0,2594.0,16.97046,35.2491,0.0,19.64
1586,1610612737.0,200794.0,29.21599,24.69147,0.0,19.64
1587,1610612737.0,201143.0,18.6412,27.80954,0.0,19.64
1588,1610612737.0,201952.0,31.80901,23.4092,0.0,19.64
1589,1610612737.0,203145.0,13.55743,20.50162,0.0,19.64
1590,1610612765.0,101141.0,30.23216,26.57563,0.0,19.64
1591,1610612765.0,202704.0,47.21399,23.9473,0.0,19.64
1592,1610612765.0,202694.0,13.08752,13.06243,0.0,19.64
1593,1610612765.0,203484.0,16.5889,42.18427,0.0,19.64
1594,1610612765.0,203083.0,26.07622,27.30588,0.0,19.64
1595,-1.0,-1.0,44.91206,24.82267,1.36794,19.61
1596,1610612737.0,2594.0,16.61475,35.42155,0.0,19.61
1597,1610612737.0,200794.0,28.88969,24.75537,0.0,19.61
1598,1610612737.0,201143.0,18.60346,27.91173,0.0,19.61
1599,1610612737.0,201952.0,31.82795,23.41495,0.0,19.61
1600,1610612737.0,203145.0,13.34826,20.22746,0.0,19.61
1601,1610612765.0,101141.0,29.89973,26.48464,0.0,19.61
1602,1610612765.0,202704.0,46.86255,24.0616,0.0,19.61
1603,1610612765.0,202694.0,12.74044,12.70056,0.0,19.61
1604,1610612765.0,203484.0,16.17208,42.49904,0.0,19.61
1605,1610612765.0,203083.0,25.89179,27.3995,0.0,19.61
1606,-1.0,-1.0,44.64394,24.44229,0.7533500000000001,19.57
1607,1610612737.0,2594.0,16.26491,35.59725,0.0,19.57
1608,1610612737.0,200794.0,28.55513,24.81524,0.0,19.57
1609,1610612737.0,201143.0,18.55461,27.9562,0.0,19.57
1610,1610612737.0,201952.0,31.83231,23.40522,0.0,19.57
1611,1610612737.0,203145.0,13.14403,19.92283,0.0,19.57
1612,1610612765.0,101141.0,29.60239,26.3891,0.0,19.57
1613,1610612765.0,202704.0,46.51329,24.18093,0.0,19.57
1614,1610612765.0,202694.0,12.39515,12.3185,0.0,19.57
1615,1610612765.0,203484.0,15.76579,42.74881,0.0,19.57
1616,1610612765.0,203083.0,25.71568,27.47639,0.0,19.57
1617,-1.0,-1.0,44.42157,24.58253,1.28535,19.53
1618,1610612737.0,2594.0,15.92732,35.7593,0.0,19.53
1619,1610612737.0,200794.0,28.23036,24.811,0.0,19.53
1620,1610612737.0,201143.0,18.50993,28.004,0.0,19.53
1621,1610612737.0,201952.0,31.85052,23.48005,0.0,19.53
1622,1610612737.0,203145.0,12.93365,19.60978,0.0,19.53
1623,1610612765.0,101141.0,29.29914,26.26678,0.0,19.53
1624,1610612765.0,202704.0,46.16954,24.30099,0.0,19.53
1625,1610612765.0,202694.0,12.05381,11.93029,0.0,19.53
1626,1610612765.0,203484.0,15.36456,43.00819,0.0,19.53
1627,1610612765.0,203083.0,25.54632,27.55394,0.0,19.53
1628,-1.0,-1.0,44.1401,24.72994,1.89189,19.49
1629,1610612737.0,2594.0,15.59779,35.92412,0.0,19.49
1630,1610612737.0,200794.0,27.87204,24.85858,0.0,19.49
1631,1610612737.0,201143.0,18.48452,28.09708,0.0,19.49
1632,1610612737.0,201952.0,31.87976,23.48099,0.0,19.49
1633,1610612737.0,203145.0,12.73548,19.3074,0.0,19.49
1634,1610612765.0,101141.0,29.00077,26.1497,0.0,19.49
1635,1610612765.0,202704.0,45.8245,24.41839,0.0,19.49
1636,1610612765.0,202694.0,11.7164,11.53789,0.0,19.49
1637,1610612765.0,203484.0,14.96213,43.27336,0.0,19.49
1638,1610612765.0,203083.0,25.35477,27.65264,0.0,19.49
1639,-1.0,-1.0,43.91289,24.99891,2.36031,19.45
1640,1610612737.0,2594.0,15.2764,36.09033,0.0,19.45
1641,1610612737.0,200794.0,27.54525,24.84218,0.0,19.45
1642,1610612737.0,201143.0,18.4598,28.18066,0.0,19.45
1643,1610612737.0,201952.0,31.89566,23.56022,0.0,19.45
1644,1610612737.0,203145.0,12.53488,19.01999,0.0,19.45
1645,1610612765.0,101141.0,28.68532,26.00971,0.0,19.45
1646,1610612765.0,202704.0,45.46978,24.52299,0.0,19.45
1647,1610612765.0,202694.0,11.38633,11.14297,0.0,19.45
1648,1610612765.0,203484.0,14.56702,43.49165,0.0,19.45
1649,1610612765.0,203083.0,25.19071,27.68948,0.0,19.45
